Country or territory of asylum or residence,Country or territory of origin,Year,Refugees*,Refugees assisted by UNHCR,Total refugees and people in refugee-like situations**,Total refugees and people in refugee-like situations assisted by UNHCR,Total Administrative Cost for Host Country
Afghanistan,Iran (Islamic Rep. of),2021,38,38,38,38,760000
Afghanistan,Pakistan,2021,72188,123,72188,123,1443760000
Albania,China,2021,14,0,14,0,280000
Albania,Egypt,2021,5,0,5,0,100000
Albania,Iraq,2021,5,0,5,0,100000
Albania,Serbia and Kosovo: S/RES/1244 (1999),2021,57,0,57,0,1140000
Albania,State of Palestine,2021,5,0,5,0,100000
Albania,Syrian Arab Rep.,2021,11,0,11,0,220000
Albania,Uzbekistan,2021,5,0,5,0,100000
Albania,Venezuela (Bolivarian Republic of),2021,5,0,5,0,100000
Algeria,Cameroon,2021,128,128,128,128,2560000
Algeria,Central African Rep.,2021,92,92,92,92,1840000
Algeria,Chad,2021,5,5,5,5,100000
Algeria,Côte d'Ivoire,2021,77,77,77,77,1540000
Algeria,Dem. Rep. of the Congo,2021,68,68,68,68,1360000
Algeria,Guinea,2021,37,37,37,37,740000
Algeria,Iraq,2021,14,14,14,14,280000
Algeria,Libya,2021,21,21,21,21,420000
Algeria,Mali,2021,160,160,160,160,3200000
Algeria,Niger,2021,8,8,8,8,160000
Algeria,Nigeria,2021,5,5,5,5,100000
Algeria,State of Palestine,2021,186,186,186,186,3720000
Algeria,Sudan,2021,16,16,16,16,320000
Algeria,Syrian Arab Rep.,2021,6750,6750,6750,6750,135000000
Algeria,Western Sahara,2021,90000,90000,90000,90000,1800000000
Algeria,Yemen,2021,243,243,243,243,4860000
Angola,Burundi,2021,18,18,18,18,360000
Angola,Central African Rep.,2021,7,7,7,7,140000
Angola,Chad,2021,189,17,189,17,3780000
Angola,"Congo, Republic of",2021,65,0,65,0,1300000
Angola,Côte d'Ivoire,2021,417,90,417,90,8340000
Angola,Dem. Rep. of the Congo,2021,23048,10602,23048,10602,460960000
Angola,Eritrea,2021,78,18,78,18,1560000
Angola,Guinea,2021,128,125,128,125,2560000
Angola,Guinea-Bissau,2021,7,0,7,0,140000
Angola,Liberia,2021,164,164,164,164,3280000
Angola,Mauritania,2021,323,36,323,36,6460000
Angola,Rwanda,2021,503,503,503,503,10060000
Angola,Sierra Leone,2021,413,413,413,413,8260000
Angola,Somalia,2021,271,17,271,17,5420000
Angola,Sudan,2021,279,10,279,10,5580000
Angola,United Rep. of Tanzania,2021,5,0,5,0,100000
Angola,Western Sahara,2021,16,0,16,0,320000
Argentina,Afghanistan,2021,12,0,12,0,240000
Argentina,Albania,2021,18,0,18,0,360000
Argentina,Algeria,2021,30,0,30,0,600000
Argentina,Angola,2021,14,0,14,0,280000
Argentina,Armenia,2021,77,0,77,0,1540000
Argentina,Bangladesh,2021,5,0,5,0,100000
Argentina,Bolivia (Plurinational State of),2021,63,0,63,0,1260000
Argentina,Bosnia and Herzegovina,2021,6,0,6,0,120000
Argentina,Burundi,2021,5,0,5,0,100000
Argentina,Cameroon,2021,7,0,7,0,140000
Argentina,Chile,2021,34,0,34,0,680000
Argentina,Colombia,2021,562,7,562,7,11240000
Argentina,Costa Rica,2021,5,0,5,0,100000
Argentina,Côte d'Ivoire,2021,20,0,20,0,400000
Argentina,Cuba,2021,262,0,262,0,5240000
Argentina,Dem. Rep. of the Congo,2021,26,0,26,0,520000
Argentina,Dominican Rep.,2021,6,0,6,0,120000
Argentina,Ecuador,2021,16,0,16,0,320000
Argentina,Egypt,2021,5,0,5,0,100000
Argentina,El Salvador,2021,47,0,47,0,940000
Argentina,Ethiopia,2021,5,0,5,0,100000
Argentina,Georgia,2021,5,0,5,0,100000
Argentina,Ghana,2021,38,0,38,0,760000
Argentina,Guatemala,2021,8,0,8,0,160000
Argentina,Guinea,2021,10,0,10,0,200000
Argentina,Guinea-Bissau,2021,8,0,8,0,160000
Argentina,Haiti,2021,76,0,76,0,1520000
Argentina,Honduras,2021,5,0,5,0,100000
Argentina,India,2021,23,0,23,0,460000
Argentina,Iran (Islamic Rep. of),2021,30,0,30,0,600000
Argentina,Iraq,2021,22,0,22,0,440000
Argentina,Jamaica,2021,13,0,13,0,260000
Argentina,Jordan,2021,5,0,5,0,100000
Argentina,Kazakhstan,2021,18,0,18,0,360000
Argentina,Kyrgyzstan,2021,5,0,5,0,100000
Argentina,Liberia,2021,42,0,42,0,840000
Argentina,Libya,2021,5,0,5,0,100000
Argentina,Mali,2021,9,0,9,0,180000
Argentina,Nicaragua,2021,16,0,16,0,320000
Argentina,Nigeria,2021,42,0,42,0,840000
Argentina,North Macedonia,2021,9,0,9,0,180000
Argentina,Pakistan,2021,39,0,39,0,780000
Argentina,Paraguay,2021,18,0,18,0,360000
Argentina,Peru,2021,546,0,546,0,10920000
Argentina,Romania,2021,51,0,51,0,1020000
Argentina,Russian Federation,2021,81,0,81,0,1620000
Argentina,Senegal,2021,43,0,43,0,860000
Argentina,Sierra Leone,2021,37,0,37,0,740000
Argentina,Somalia,2021,5,0,5,0,100000
Argentina,Sri Lanka,2021,36,0,36,0,720000
Argentina,State of Palestine,2021,19,0,19,0,380000
Argentina,Sudan,2021,5,0,5,0,100000
Argentina,Syrian Arab Rep.,2021,409,0,409,0,8180000
Argentina,Turkey,2021,7,0,7,0,140000
Argentina,Ukraine,2021,120,0,120,0,2400000
Argentina,United States of America,2021,5,0,5,0,100000
Argentina,Unknown/other,2021,642,0,642,0,12840000
Argentina,Venezuela (Bolivarian Republic of),2021,311,20,311,20,6220000
Argentina,Yemen,2021,19,0,19,0,380000
Armenia,Afghanistan,2021,5,0,5,0,100000
Armenia,Azerbaijan,2021,1212,1212,38774,27540,24240000
Armenia,"Congo, Republic of",2021,5,5,5,5,100000
Armenia,Côte d'Ivoire,2021,6,0,6,0,120000
Armenia,Egypt,2021,5,5,5,5,100000
Armenia,Georgia,2021,8,0,8,0,160000
Armenia,Iran (Islamic Rep. of),2021,123,94,123,94,2460000
Armenia,Iraq,2021,1092,98,1092,98,21840000
Armenia,Lebanon,2021,26,0,26,0,520000
Armenia,Nigeria,2021,5,5,5,5,100000
Armenia,State of Palestine,2021,7,0,7,0,140000
Armenia,Syrian Arab Rep.,2021,744,152,5205,4613,14880000
Armenia,Turkey,2021,16,5,16,5,320000
Armenia,Ukraine,2021,117,42,117,42,2340000
Armenia,Yemen,2021,21,12,21,12,420000
Australia,Afghanistan,2021,10108,0,10108,0,202160000
Australia,Albania,2021,41,0,41,0,820000
Australia,Algeria,2021,8,0,8,0,160000
Australia,Azerbaijan,2021,9,0,9,0,180000
Australia,Bahrain,2021,68,0,68,0,1360000
Australia,Bangladesh,2021,409,0,409,0,8180000
Australia,Belarus,2021,6,0,6,0,120000
Australia,Bhutan,2021,5,0,5,0,100000
Australia,Brazil,2021,8,0,8,0,160000
Australia,Burundi,2021,48,0,48,0,960000
Australia,Cambodia,2021,68,0,68,0,1360000
Australia,Cameroon,2021,29,0,29,0,580000
Australia,China,2021,1671,0,1671,0,33420000
Australia,"China, Hong Kong SAR",2021,5,0,5,0,100000
Australia,Colombia,2021,96,0,96,0,1920000
Australia,"Congo, Republic of",2021,16,0,16,0,320000
Australia,Dem. People's Rep. of Korea,2021,5,0,5,0,100000
Australia,Dem. Rep. of the Congo,2021,64,0,64,0,1280000
Australia,Djibouti,2021,5,0,5,0,100000
Australia,Egypt,2021,1396,0,1396,0,27920000
Australia,El Salvador,2021,12,0,12,0,240000
Australia,Eritrea,2021,107,0,107,0,2140000
Australia,Ethiopia,2021,314,0,314,0,6280000
Australia,Fiji,2021,312,0,312,0,6240000
Australia,Gambia,2021,8,0,8,0,160000
Australia,Georgia,2021,13,0,13,0,260000
Australia,Germany,2021,10,0,10,0,200000
Australia,Ghana,2021,35,0,35,0,700000
Australia,Greece,2021,6,0,6,0,120000
Australia,Guinea,2021,8,0,8,0,160000
Australia,Honduras,2021,5,0,5,0,100000
Australia,India,2021,468,0,468,0,9360000
Australia,Indonesia,2021,240,0,240,0,4800000
Australia,Iran (Islamic Rep. of),2021,12701,0,12701,0,254020000
Australia,Iraq,2021,4692,0,4692,0,93840000
Australia,Israel,2021,9,0,9,0,180000
Australia,Italy,2021,5,0,5,0,100000
Australia,Jamaica,2021,5,0,5,0,100000
Australia,Japan,2021,10,0,10,0,200000
Australia,Jordan,2021,134,0,134,0,2680000
Australia,Kazakhstan,2021,5,0,5,0,100000
Australia,Kenya,2021,99,0,99,0,1980000
Australia,Kuwait,2021,35,0,35,0,700000
Australia,Kyrgyzstan,2021,12,0,12,0,240000
Australia,Lao People's Dem. Rep.,2021,5,0,5,0,100000
Australia,Lebanon,2021,511,0,511,0,10220000
Australia,Liberia,2021,44,0,44,0,880000
Australia,Libya,2021,1246,0,1246,0,24920000
Australia,Malaysia,2021,644,0,644,0,12880000
Australia,Maldives,2021,14,0,14,0,280000
Australia,Mauritius,2021,10,0,10,0,200000
Australia,Mexico,2021,14,0,14,0,280000
Australia,Mongolia,2021,16,0,16,0,320000
Australia,Morocco,2021,12,0,12,0,240000
Australia,Myanmar,2021,440,0,440,0,8800000
Australia,Nauru,2021,5,0,5,0,100000
Australia,Nepal,2021,113,0,113,0,2260000
Australia,New Zealand,2021,26,0,26,0,520000
Australia,Nigeria,2021,238,0,238,0,4760000
Australia,North Macedonia,2021,5,0,5,0,100000
Australia,Oman,2021,5,0,5,0,100000
Australia,Pakistan,2021,5400,0,5400,0,108000000
Australia,Papua New Guinea,2021,493,0,493,0,9860000
Australia,Peru,2021,19,0,19,0,380000
Australia,Philippines,2021,45,0,45,0,900000
Australia,Rep. of Korea,2021,26,0,26,0,520000
Australia,Russian Federation,2021,55,0,55,0,1100000
Australia,Rwanda,2021,92,0,92,0,1840000
Australia,Saudi Arabia,2021,201,0,201,0,4020000
Australia,Sierra Leone,2021,31,0,31,0,620000
Australia,Singapore,2021,6,0,6,0,120000
Australia,Solomon Islands,2021,25,0,25,0,500000
Australia,Somalia,2021,528,0,528,0,10560000
Australia,South Africa,2021,29,0,29,0,580000
Australia,South Sudan,2021,20,0,20,0,400000
Australia,Sri Lanka,2021,4072,0,4072,0,81440000
Australia,State of Palestine,2021,490,0,490,0,9800000
Australia,Stateless,2021,3616,0,3616,0,72320000
Australia,Sudan,2021,557,0,557,0,11140000
Australia,Syrian Arab Rep.,2021,639,0,639,0,12780000
Australia,Thailand,2021,22,0,22,0,440000
Australia,Timor-Leste,2021,6,0,6,0,120000
Australia,Tonga,2021,31,0,31,0,620000
Australia,Turkey,2021,825,0,825,0,16500000
Australia,Uganda,2021,60,0,60,0,1200000
Australia,Ukraine,2021,21,0,21,0,420000
Australia,United Arab Emirates,2021,5,0,5,0,100000
Australia,United Kingdom,2021,5,0,5,0,100000
Australia,United Rep. of Tanzania,2021,8,0,8,0,160000
Australia,United States of America,2021,17,0,17,0,340000
Australia,Unknown/other,2021,1191,0,1191,0,23820000
Australia,Uzbekistan,2021,20,0,20,0,400000
Australia,Venezuela (Bolivarian Republic of),2021,142,0,142,0,2840000
Australia,Viet Nam,2021,314,0,314,0,6280000
Australia,Yemen,2021,165,0,165,0,3300000
Australia,Zambia,2021,16,0,16,0,320000
Australia,Zimbabwe,2021,369,0,369,0,7380000
Austria,Afghanistan,2021,41037,0,41037,0,820740000
Austria,Albania,2021,55,0,55,0,1100000
Austria,Algeria,2021,30,0,30,0,600000
Austria,Angola,2021,43,0,43,0,860000
Austria,Armenia,2021,345,0,345,0,6900000
Austria,Azerbaijan,2021,163,0,163,0,3260000
Austria,Bangladesh,2021,349,0,349,0,6980000
Austria,Belarus,2021,34,0,34,0,680000
Austria,Benin,2021,5,0,5,0,100000
Austria,Bosnia and Herzegovina,2021,62,0,62,0,1240000
Austria,Burkina Faso,2021,5,0,5,0,100000
Austria,Burundi,2021,15,0,15,0,300000
Austria,Cameroon,2021,190,0,190,0,3800000
Austria,Canada,2021,5,0,5,0,100000
Austria,China,2021,651,0,651,0,13020000
Austria,"Congo, Republic of",2021,90,0,90,0,1800000
Austria,Côte d'Ivoire,2021,55,0,55,0,1100000
Austria,Cuba,2021,16,0,16,0,320000
Austria,Dem. Rep. of the Congo,2021,337,0,337,0,6740000
Austria,Egypt,2021,221,0,221,0,4420000
Austria,Eritrea,2021,450,0,450,0,9000000
Austria,Ethiopia,2021,232,0,232,0,4640000
Austria,Gabon,2021,5,0,5,0,100000
Austria,Gambia,2021,112,0,112,0,2240000
Austria,Georgia,2021,323,0,323,0,6460000
Austria,Ghana,2021,17,0,17,0,340000
Austria,Guatemala,2021,6,0,6,0,120000
Austria,Guinea,2021,132,0,132,0,2640000
Austria,Guinea-Bissau,2021,5,0,5,0,100000
Austria,India,2021,40,0,40,0,800000
Austria,Iran (Islamic Rep. of),2021,7046,0,7046,0,140920000
Austria,Iraq,2021,9661,0,9661,0,193220000
Austria,Israel,2021,10,0,10,0,200000
Austria,Jordan,2021,77,0,77,0,1540000
Austria,Kazakhstan,2021,112,0,112,0,2240000
Austria,Kenya,2021,21,0,21,0,420000
Austria,Kuwait,2021,10,0,10,0,200000
Austria,Kyrgyzstan,2021,136,0,136,0,2720000
Austria,Lebanon,2021,120,0,120,0,2400000
Austria,Liberia,2021,10,0,10,0,200000
Austria,Libya,2021,140,0,140,0,2800000
Austria,Mali,2021,14,0,14,0,280000
Austria,Mauritania,2021,5,0,5,0,100000
Austria,Mongolia,2021,128,0,128,0,2560000
Austria,Montenegro,2021,5,0,5,0,100000
Austria,Morocco,2021,40,0,40,0,800000
Austria,Myanmar,2021,33,0,33,0,660000
Austria,Nepal,2021,19,0,19,0,380000
Austria,Nicaragua,2021,5,0,5,0,100000
Austria,Nigeria,2021,409,0,409,0,8180000
Austria,North Macedonia,2021,15,0,15,0,300000
Austria,Pakistan,2021,357,0,357,0,7140000
Austria,Philippines,2021,18,0,18,0,360000
Austria,Rep. of Moldova,2021,22,0,22,0,440000
Austria,Romania,2021,5,0,5,0,100000
Austria,Russian Federation,2021,7003,0,7003,0,140060000
Austria,Rwanda,2021,13,0,13,0,260000
Austria,Saudi Arabia,2021,6,0,6,0,120000
Austria,Senegal,2021,14,0,14,0,280000
Austria,Serbia and Kosovo: S/RES/1244 (1999),2021,503,0,503,0,10060000
Austria,Sierra Leone,2021,20,0,20,0,400000
Austria,Somalia,2021,8212,0,8212,0,164240000
Austria,South Sudan,2021,6,0,6,0,120000
Austria,Sri Lanka,2021,68,0,68,0,1360000
Austria,Stateless,2021,2072,0,2072,0,41440000
Austria,Sudan,2021,314,0,314,0,6280000
Austria,Syrian Arab Rep.,2021,57887,0,57887,0,1157740000
Austria,Tajikistan,2021,255,0,255,0,5100000
Austria,Togo,2021,6,0,6,0,120000
Austria,Tunisia,2021,8,0,8,0,160000
Austria,Turkey,2021,616,0,616,0,12320000
Austria,Turkmenistan,2021,8,0,8,0,160000
Austria,Uganda,2021,32,0,32,0,640000
Austria,Ukraine,2021,244,0,244,0,4880000
Austria,United States of America,2021,5,0,5,0,100000
Austria,Unknown/other,2021,4767,0,4767,0,95340000
Austria,Uzbekistan,2021,48,0,48,0,960000
Austria,Venezuela (Bolivarian Republic of),2021,76,0,76,0,1520000
Austria,Viet Nam,2021,5,0,5,0,100000
Austria,Yemen,2021,379,0,379,0,7580000
Austria,Zambia,2021,5,0,5,0,100000
Austria,Zimbabwe,2021,5,0,5,0,100000
Belgium,Afghanistan,2021,4619,0,4619,0,92380000
Azerbaijan,Iran (Islamic Rep. of),2021,45,45,45,45,900000
Azerbaijan,Iraq,2021,10,10,10,10,200000
Azerbaijan,Libya,2021,5,5,5,5,100000
Azerbaijan,Pakistan,2021,44,44,44,44,880000
Azerbaijan,Russian Federation,2021,324,324,324,324,6480000
Azerbaijan,State of Palestine,2021,5,5,5,5,100000
Azerbaijan,Syrian Arab Rep.,2021,35,35,35,35,700000
Azerbaijan,Ukraine,2021,5,5,5,5,100000
Azerbaijan,Uzbekistan,2021,5,5,5,5,100000
Azerbaijan,Yemen,2021,16,16,16,16,320000
Bahamas,Cambodia,2021,5,0,5,0,100000
Bahamas,Colombia,2021,5,0,5,0,100000
Bahamas,Cuba,2021,5,0,5,0,100000
Bahamas,Jamaica,2021,5,0,5,0,100000
Bahrain,Iraq,2021,242,242,242,242,4840000
Bahrain,Yemen,2021,9,9,9,9,180000
Bangladesh,Myanmar,2021,889764,889764,889764,889764,17795280000
Bangladesh,Somalia,2021,11,11,11,11,220000
Bulgaria,Afghanistan,2021,246,0,246,0,4920000
Belarus,Armenia,2021,5,5,5,5,100000
Belarus,Azerbaijan,2021,5,0,5,0,100000
Belarus,Cameroon,2021,5,0,5,0,100000
Belarus,Ethiopia,2021,5,0,5,0,100000
Belarus,Georgia,2021,49,0,49,0,980000
Belarus,Iran (Islamic Rep. of),2021,5,0,5,0,100000
Belarus,Iraq,2021,11,0,11,0,220000
Belarus,Lebanon,2021,5,0,5,0,100000
Belarus,Libya,2021,7,0,7,0,140000
Belarus,Russian Federation,2021,5,5,5,5,100000
Belarus,State of Palestine,2021,5,0,5,0,100000
Belarus,Syrian Arab Rep.,2021,69,22,69,22,1380000
Belarus,Tajikistan,2021,11,0,11,0,220000
Belarus,Turkey,2021,9,5,9,5,180000
Belarus,Ukraine,2021,2490,332,2490,332,49800000
Belarus,Yemen,2021,31,9,31,9,620000
Canada,Afghanistan,2021,2416,0,2416,0,48320000
Belgium,Albania,2021,632,0,632,0,12640000
Belgium,Algeria,2021,74,0,74,0,1480000
Belgium,Angola,2021,90,0,90,0,1800000
Belgium,Armenia,2021,134,0,134,0,2680000
Belgium,Azerbaijan,2021,87,0,87,0,1740000
Belgium,Bangladesh,2021,21,0,21,0,420000
Belgium,Belarus,2021,35,0,35,0,700000
Belgium,Benin,2021,37,0,37,0,740000
Belgium,Bosnia and Herzegovina,2021,44,0,44,0,880000
Belgium,Brazil,2021,12,0,12,0,240000
Belgium,Bulgaria,2021,17,0,17,0,340000
Belgium,Burkina Faso,2021,96,0,96,0,1920000
Belgium,Burundi,2021,1804,0,1804,0,36080000
Belgium,Cambodia,2021,13,0,13,0,260000
Belgium,Cameroon,2021,494,0,494,0,9880000
Belgium,Central African Rep.,2021,64,0,64,0,1280000
Belgium,Chad,2021,45,0,45,0,900000
Belgium,Chile,2021,43,0,43,0,860000
Belgium,China,2021,1137,0,1137,0,22740000
Belgium,Colombia,2021,136,0,136,0,2720000
Belgium,"Congo, Republic of",2021,24,0,24,0,480000
Belgium,Côte d'Ivoire,2021,220,0,220,0,4400000
Belgium,Croatia,2021,5,0,5,0,100000
Belgium,Cuba,2021,11,0,11,0,220000
Belgium,Czechia,2021,5,0,5,0,100000
Belgium,Dem. People's Rep. of Korea,2021,29,0,29,0,580000
Belgium,Dem. Rep. of the Congo,2021,1509,0,1509,0,30180000
Belgium,Djibouti,2021,360,0,360,0,7200000
Belgium,Egypt,2021,99,0,99,0,1980000
Belgium,El Salvador,2021,468,0,468,0,9360000
Belgium,Eritrea,2021,2846,0,2846,0,56920000
Belgium,Ethiopia,2021,174,0,174,0,3480000
Belgium,Gabon,2021,26,0,26,0,520000
Belgium,Gambia,2021,34,0,34,0,680000
Belgium,Georgia,2021,147,0,147,0,2940000
Belgium,Ghana,2021,18,0,18,0,360000
Belgium,Guatemala,2021,39,0,39,0,780000
Belgium,Guinea,2021,3485,0,3485,0,69700000
Belgium,Guinea-Bissau,2021,7,0,7,0,140000
Belgium,Haiti,2021,5,0,5,0,100000
Belgium,Honduras,2021,18,0,18,0,360000
Belgium,Hungary,2021,29,0,29,0,580000
Belgium,India,2021,13,0,13,0,260000
Belgium,Iran (Islamic Rep. of),2021,1648,0,1648,0,32960000
Belgium,Iraq,2021,5094,0,5094,0,101880000
Belgium,Jamaica,2021,5,0,5,0,100000
Belgium,Jordan,2021,24,0,24,0,480000
Belgium,Kazakhstan,2021,53,0,53,0,1060000
Belgium,Kenya,2021,12,0,12,0,240000
Belgium,Kuwait,2021,5,0,5,0,100000
Belgium,Kyrgyzstan,2021,69,0,69,0,1380000
Belgium,Lao People's Dem. Rep.,2021,9,0,9,0,180000
Belgium,Lebanon,2021,104,0,104,0,2080000
Belgium,Liberia,2021,13,0,13,0,260000
Belgium,Libya,2021,74,0,74,0,1480000
Belgium,Lithuania,2021,5,0,5,0,100000
Belgium,Mali,2021,97,0,97,0,1940000
Belgium,Mauritania,2021,258,0,258,0,5160000
Belgium,Montenegro,2021,12,0,12,0,240000
Belgium,Morocco,2021,142,0,142,0,2840000
Belgium,Myanmar,2021,8,0,8,0,160000
Belgium,Nepal,2021,6,0,6,0,120000
Belgium,Nicaragua,2021,17,0,17,0,340000
Belgium,Niger,2021,124,0,124,0,2480000
Belgium,Nigeria,2021,52,0,52,0,1040000
Belgium,North Macedonia,2021,118,0,118,0,2360000
Belgium,Pakistan,2021,287,0,287,0,5740000
Belgium,Poland,2021,95,0,95,0,1900000
Belgium,Rep. of Moldova,2021,5,0,5,0,100000
Belgium,Romania,2021,36,0,36,0,720000
Belgium,Russian Federation,2021,2484,0,2484,0,49680000
Belgium,Rwanda,2021,768,0,768,0,15360000
Belgium,Saudi Arabia,2021,5,0,5,0,100000
Belgium,Senegal,2021,361,0,361,0,7220000
Belgium,Serbia and Kosovo: S/RES/1244 (1999),2021,362,0,362,0,7240000
Belgium,Sierra Leone,2021,27,0,27,0,540000
Belgium,Somalia,2021,2294,0,2294,0,45880000
Belgium,South Sudan,2021,6,0,6,0,120000
Belgium,Sri Lanka,2021,266,0,266,0,5320000
Belgium,State of Palestine,2021,1773,0,1773,0,35460000
Belgium,Stateless,2021,292,0,292,0,5840000
Belgium,Sudan,2021,264,0,264,0,5280000
Belgium,Syrian Arab Rep.,2021,18493,0,18493,0,369860000
Belgium,Tajikistan,2021,12,0,12,0,240000
Belgium,Togo,2021,156,0,156,0,3120000
Belgium,Tunisia,2021,57,0,57,0,1140000
Belgium,Turkey,2021,2807,0,2807,0,56140000
Belgium,Uganda,2021,21,0,21,0,420000
Belgium,Ukraine,2021,254,0,254,0,5080000
Belgium,United Rep. of Tanzania,2021,41,0,41,0,820000
Belgium,Unknown/other,2021,6998,0,6998,0,139960000
Belgium,Uzbekistan,2021,37,0,37,0,740000
Belgium,Venezuela (Bolivarian Republic of),2021,429,0,429,0,8580000
Belgium,Viet Nam,2021,21,0,21,0,420000
Belgium,Yemen,2021,95,0,95,0,1900000
Belize,El Salvador,2021,52,0,52,0,1040000
Belize,Honduras,2021,8,0,8,0,160000
Belize,Nicaragua,2021,5,0,5,0,100000
Benin,Burundi,2021,7,7,7,7,140000
Benin,Cameroon,2021,38,38,38,38,760000
Benin,Central African Rep.,2021,1070,1070,1070,1070,21400000
Benin,Chad,2021,15,15,15,15,300000
Benin,Côte d'Ivoire,2021,168,168,168,168,3360000
Benin,Dem. Rep. of the Congo,2021,12,12,12,12,240000
Benin,Eritrea,2021,5,5,5,5,100000
Benin,Mali,2021,38,38,38,38,760000
Benin,Pakistan,2021,5,5,5,5,100000
Benin,Sri Lanka,2021,5,5,5,5,100000
Benin,Sudan,2021,13,13,13,13,260000
Benin,Syrian Arab Rep.,2021,27,27,27,27,540000
Benin,Turkey,2021,10,10,10,10,200000
Benin,Yemen,2021,14,14,14,14,280000
Bolivia (Plurinational State of),Argentina,2021,13,0,13,0,260000
Bolivia (Plurinational State of),Colombia,2021,201,5,201,5,4020000
Bolivia (Plurinational State of),Côte d'Ivoire,2021,5,5,5,5,100000
Bolivia (Plurinational State of),Cuba,2021,48,0,48,0,960000
Bolivia (Plurinational State of),Ecuador,2021,5,0,5,0,100000
Bolivia (Plurinational State of),Iraq,2021,16,0,16,0,320000
Bolivia (Plurinational State of),Niger,2021,5,0,5,0,100000
Bolivia (Plurinational State of),Pakistan,2021,5,0,5,0,100000
Bolivia (Plurinational State of),Peru,2021,524,0,524,0,10480000
Bolivia (Plurinational State of),Russian Federation,2021,14,0,14,0,280000
Bolivia (Plurinational State of),Syrian Arab Rep.,2021,22,5,22,5,440000
Bolivia (Plurinational State of),Ukraine,2021,5,0,5,0,100000
Bolivia (Plurinational State of),Uruguay,2021,10,0,10,0,200000
Bolivia (Plurinational State of),Venezuela (Bolivarian Republic of),2021,243,107,243,107,4860000
Bosnia and Herzegovina,Azerbaijan,2021,5,5,5,5,100000
Bosnia and Herzegovina,Croatia,2021,312,312,312,312,6240000
Bosnia and Herzegovina,Serbia and Kosovo: S/RES/1244 (1999),2021,51,51,51,51,1020000
Bosnia and Herzegovina,Syrian Arab Rep.,2021,25,25,25,25,500000
Bosnia and Herzegovina,Turkey,2021,23,23,23,23,460000
Botswana,Burundi,2021,58,58,58,58,1160000
Botswana,Dem. Rep. of the Congo,2021,199,199,199,199,3980000
Botswana,Ethiopia,2021,5,5,5,5,100000
Botswana,Kenya,2021,5,5,5,5,100000
Botswana,Namibia,2021,6,6,6,6,120000
Botswana,Rwanda,2021,17,17,17,17,340000
Botswana,Somalia,2021,308,308,308,308,6160000
Botswana,South Sudan,2021,5,5,5,5,100000
Botswana,Sudan,2021,5,5,5,5,100000
Botswana,Uganda,2021,19,19,19,19,380000
Botswana,Zimbabwe,2021,17,17,17,17,340000
Chile,Afghanistan,2021,13,0,13,0,260000
Brazil,Algeria,2021,8,0,8,0,160000
Brazil,Angola,2021,1155,171,1155,171,23100000
Brazil,Argentina,2021,6,0,6,0,120000
Brazil,Armenia,2021,5,0,5,0,100000
Brazil,Bangladesh,2021,21,0,21,0,420000
Brazil,Bhutan,2021,30,0,30,0,600000
Brazil,Bolivia (Plurinational State of),2021,154,0,154,0,3080000
Brazil,Bosnia and Herzegovina,2021,5,0,5,0,100000
Brazil,Burkina Faso,2021,5,0,5,0,100000
Brazil,Burundi,2021,46,0,46,0,920000
Brazil,Cameroon,2021,81,17,81,17,1620000
Brazil,Central African Rep.,2021,5,0,5,0,100000
Brazil,Chile,2021,21,0,21,0,420000
Brazil,China,2021,17,0,17,0,340000
Brazil,Colombia,2021,1298,65,1298,65,25960000
Brazil,"Congo, Republic of",2021,20,0,20,0,400000
Brazil,Côte d'Ivoire,2021,55,5,55,5,1100000
Brazil,Croatia,2021,5,0,5,0,100000
Brazil,Cuba,2021,584,32,584,32,11680000
Brazil,Dem. Rep. of the Congo,2021,1682,538,1682,538,33640000
Brazil,Dominican Rep.,2021,6,0,6,0,120000
Brazil,Ecuador,2021,58,0,58,0,1160000
Brazil,Egypt,2021,60,7,60,7,1200000
Brazil,El Salvador,2021,59,16,59,16,1180000
Brazil,Eritrea,2021,25,0,25,0,500000
Brazil,Ethiopia,2021,27,0,27,0,540000
Brazil,Gambia,2021,6,0,6,0,120000
Brazil,Georgia,2021,10,0,10,0,200000
Brazil,Ghana,2021,38,5,38,5,760000
Brazil,Guinea,2021,109,25,109,25,2180000
Brazil,Guinea-Bissau,2021,24,0,24,0,480000
Brazil,Guyana,2021,5,0,5,0,100000
Brazil,Haiti,2021,8,0,8,0,160000
Brazil,Honduras,2021,5,0,5,0,100000
Brazil,Hungary,2021,5,0,5,0,100000
Brazil,India,2021,12,0,12,0,240000
Brazil,Iran (Islamic Rep. of),2021,69,8,69,8,1380000
Brazil,Iraq,2021,314,28,314,28,6280000
Brazil,Jordan,2021,12,0,12,0,240000
Brazil,Kenya,2021,10,0,10,0,200000
Brazil,Lebanon,2021,412,8,412,8,8240000
Brazil,Liberia,2021,259,0,259,0,5180000
Brazil,Libya,2021,6,6,6,6,120000
Brazil,Mali,2021,93,26,93,26,1860000
Brazil,Mauritania,2021,58,40,58,40,1160000
Brazil,Mexico,2021,8,0,8,0,160000
Brazil,Morocco,2021,28,5,28,5,560000
Brazil,Nepal,2021,12,0,12,0,240000
Brazil,Nicaragua,2021,5,0,5,0,100000
Brazil,Nigeria,2021,144,11,144,11,2880000
Brazil,North Macedonia,2021,6,0,6,0,120000
Brazil,Pakistan,2021,373,70,373,70,7460000
Brazil,Paraguay,2021,5,0,5,0,100000
Brazil,Peru,2021,46,0,46,0,920000
Brazil,Philippines,2021,5,0,5,0,100000
Brazil,Russian Federation,2021,22,0,22,0,440000
Brazil,Rwanda,2021,18,0,18,0,360000
Brazil,Senegal,2021,16,0,16,0,320000
Brazil,Serbia and Kosovo: S/RES/1244 (1999),2021,92,0,92,0,1840000
Brazil,Sierra Leone,2021,165,5,165,5,3300000
Brazil,Somalia,2021,51,0,51,0,1020000
Brazil,South Africa,2021,5,0,5,0,100000
Brazil,Sri Lanka,2021,19,0,19,0,380000
Brazil,State of Palestine,2021,577,65,577,65,11540000
Brazil,Sudan,2021,76,8,76,8,1520000
Brazil,Syrian Arab Rep.,2021,3918,539,3918,539,78360000
Brazil,Togo,2021,59,15,59,15,1180000
Brazil,Tunisia,2021,5,0,5,0,100000
Brazil,Turkey,2021,7,0,7,0,140000
Brazil,Uganda,2021,6,0,6,0,120000
Brazil,Ukraine,2021,20,0,20,0,400000
Brazil,United Rep. of Tanzania,2021,8,0,8,0,160000
Brazil,Venezuela (Bolivarian Republic of),2021,48096,26517,48096,26517,961920000
Brazil,Viet Nam,2021,5,0,5,0,100000
Brazil,Yemen,2021,8,0,8,0,160000
Brazil,Zimbabwe,2021,5,0,5,0,100000
"China, Hong Kong SAR",Afghanistan,2021,0,0,10,10,0
Bulgaria,Armenia,2021,12,0,12,0,240000
Bulgaria,Bangladesh,2021,8,0,8,0,160000
Bulgaria,"Congo, Republic of",2021,9,0,9,0,180000
Bulgaria,Côte d'Ivoire,2021,5,0,5,0,100000
Bulgaria,Egypt,2021,17,0,17,0,340000
Bulgaria,Eritrea,2021,12,0,12,0,240000
Bulgaria,Ethiopia,2021,9,0,9,0,180000
Bulgaria,Guinea,2021,5,0,5,0,100000
Bulgaria,India,2021,5,0,5,0,100000
Bulgaria,Iran (Islamic Rep. of),2021,78,0,78,0,1560000
Bulgaria,Iraq,2021,1180,0,1180,0,23600000
Bulgaria,Jordan,2021,6,0,6,0,120000
Bulgaria,Lebanon,2021,31,0,31,0,620000
Bulgaria,Mali,2021,5,0,5,0,100000
Bulgaria,Morocco,2021,5,0,5,0,100000
Bulgaria,Pakistan,2021,27,0,27,0,540000
Bulgaria,Russian Federation,2021,9,0,9,0,180000
Bulgaria,Somalia,2021,48,0,48,0,960000
Bulgaria,Stateless,2021,1000,22,1000,22,20000000
Bulgaria,Sudan,2021,12,0,12,0,240000
Bulgaria,Syrian Arab Rep.,2021,19014,0,19014,0,380280000
Bulgaria,Turkey,2021,9,0,9,0,180000
Bulgaria,Yemen,2021,18,0,18,0,360000
Burkina Faso,Benin,2021,8,0,8,0,160000
Burkina Faso,Burundi,2021,28,0,28,0,560000
Burkina Faso,Cameroon,2021,7,0,7,0,140000
Burkina Faso,Central African Rep.,2021,198,0,198,0,3960000
Burkina Faso,Chad,2021,81,0,81,0,1620000
Burkina Faso,"Congo, Republic of",2021,26,0,26,0,520000
Burkina Faso,Côte d'Ivoire,2021,5,0,5,0,100000
Burkina Faso,Dem. Rep. of the Congo,2021,30,0,30,0,600000
Burkina Faso,Mali,2021,21842,491,21842,491,436840000
Burkina Faso,Rwanda,2021,16,0,16,0,320000
Burkina Faso,Syrian Arab Rep.,2021,5,0,5,0,100000
Burkina Faso,Togo,2021,15,0,15,0,300000
Burkina Faso,Turkey,2021,30,0,30,0,600000
Burundi,Dem. Rep. of the Congo,2021,76304,302,76304,302,1526080000
Burundi,Mali,2021,12,0,12,0,240000
Burundi,Rwanda,2021,498,6,498,6,9960000
Burundi,Somalia,2021,5,0,5,0,100000
Burundi,South Sudan,2021,8,0,8,0,160000
Burundi,Uganda,2021,5,0,5,0,100000
Burundi,United Rep. of Tanzania,2021,5,0,5,0,100000
Cambodia,Myanmar,2021,9,9,9,9,180000
Cambodia,Syrian Arab Rep.,2021,7,7,7,7,140000
Cambodia,Viet Nam,2021,16,16,16,16,320000
Cameroon,Angola,2021,5,5,5,5,100000
Cameroon,Burundi,2021,54,54,54,54,1080000
Cameroon,Central African Rep.,2021,325366,325366,325366,325366,6507320000
Cameroon,Chad,2021,1400,1400,1400,1400,28000000
Cameroon,"Congo, Republic of",2021,39,39,39,39,780000
Cameroon,Côte d'Ivoire,2021,51,51,51,51,1020000
Cameroon,Dem. Rep. of the Congo,2021,460,460,460,460,9200000
Cameroon,Guinea,2021,6,6,6,6,120000
Cameroon,Iran (Islamic Rep. of),2021,5,5,5,5,100000
Cameroon,Liberia,2021,9,9,9,9,180000
Cameroon,Mali,2021,16,16,16,16,320000
Cameroon,Mauritania,2021,5,5,5,5,100000
Cameroon,Morocco,2021,7,7,7,7,140000
Cameroon,Nigeria,2021,118334,69599,118334,69599,2366680000
Cameroon,Rwanda,2021,258,258,258,258,5160000
Cameroon,Sudan,2021,59,59,59,59,1180000
Cameroon,Syrian Arab Rep.,2021,5,5,5,5,100000
Cameroon,Togo,2021,17,17,17,17,340000
Cameroon,Yemen,2021,5,5,5,5,100000
Colombia,Afghanistan,2021,9,0,9,0,180000
Canada,Albania,2021,779,0,779,0,15580000
Canada,Algeria,2021,832,0,832,0,16640000
Canada,Angola,2021,445,0,445,0,8900000
Canada,Antigua and Barbuda,2021,97,0,97,0,1940000
Canada,Argentina,2021,7,0,7,0,140000
Canada,Armenia,2021,32,0,32,0,640000
Canada,Azerbaijan,2021,745,0,745,0,14900000
Canada,Bahamas,2021,476,0,476,0,9520000
Canada,Bahrain,2021,58,0,58,0,1160000
Canada,Bangladesh,2021,1629,0,1629,0,32580000
Canada,Barbados,2021,242,0,242,0,4840000
Canada,Belarus,2021,48,0,48,0,960000
Canada,Belgium,2021,5,0,5,0,100000
Canada,Belize,2021,20,0,20,0,400000
Canada,Benin,2021,50,0,50,0,1000000
Canada,Bolivia (Plurinational State of),2021,26,0,26,0,520000
Canada,Botswana,2021,108,0,108,0,2160000
Canada,Brazil,2021,147,0,147,0,2940000
Canada,Bulgaria,2021,139,0,139,0,2780000
Canada,Burkina Faso,2021,107,0,107,0,2140000
Canada,Burundi,2021,2959,0,2959,0,59180000
Canada,Cambodia,2021,43,0,43,0,860000
Canada,Cameroon,2021,1126,0,1126,0,22520000
Canada,Central African Rep.,2021,50,0,50,0,1000000
Canada,Chad,2021,747,0,747,0,14940000
Canada,Chile,2021,80,0,80,0,1600000
Canada,China,2021,6287,0,6287,0,125740000
Canada,"China, Hong Kong SAR",2021,7,0,7,0,140000
Canada,Colombia,2021,5244,0,5244,0,104880000
Canada,Comoros,2021,5,0,5,0,100000
Canada,"Congo, Republic of",2021,308,0,308,0,6160000
Canada,Costa Rica,2021,9,0,9,0,180000
Canada,Côte d'Ivoire,2021,209,0,209,0,4180000
Canada,Croatia,2021,259,0,259,0,5180000
Canada,Cuba,2021,484,0,484,0,9680000
Canada,Czechia,2021,327,0,327,0,6540000
Canada,Dem. People's Rep. of Korea,2021,312,0,312,0,6240000
Canada,Dem. Rep. of the Congo,2021,1316,0,1316,0,26320000
Canada,Denmark,2021,7,0,7,0,140000
Canada,Djibouti,2021,1209,0,1209,0,24180000
Canada,Dominica,2021,8,0,8,0,160000
Canada,Dominican Rep.,2021,115,0,115,0,2300000
Canada,Ecuador,2021,35,0,35,0,700000
Canada,Egypt,2021,3384,0,3384,0,67680000
Canada,El Salvador,2021,1595,0,1595,0,31900000
Canada,Equatorial Guinea,2021,19,0,19,0,380000
Canada,Eritrea,2021,2303,0,2303,0,46060000
Canada,Estonia,2021,5,0,5,0,100000
Canada,Eswatini,2021,89,0,89,0,1780000
Canada,Ethiopia,2021,1835,0,1835,0,36700000
Canada,Fiji,2021,10,0,10,0,200000
Canada,Gabon,2021,37,0,37,0,740000
Canada,Gambia,2021,90,0,90,0,1800000
Canada,Georgia,2021,419,0,419,0,8380000
Canada,Ghana,2021,341,0,341,0,6820000
Canada,Grenada,2021,16,0,16,0,320000
Canada,Guatemala,2021,389,0,389,0,7780000
Canada,Guinea,2021,432,0,432,0,8640000
Canada,Guinea-Bissau,2021,7,0,7,0,140000
Canada,Guyana,2021,95,0,95,0,1900000
Canada,Haiti,2021,4409,0,4409,0,88180000
Canada,Honduras,2021,950,0,950,0,19000000
Canada,Hungary,2021,4468,0,4468,0,89360000
Canada,India,2021,2186,0,2186,0,43720000
Canada,Indonesia,2021,99,0,99,0,1980000
Canada,Iran (Islamic Rep. of),2021,7385,0,7385,0,147700000
Canada,Iraq,2021,217,0,217,0,4340000
Canada,Ireland,2021,5,0,5,0,100000
Canada,Israel,2021,151,0,151,0,3020000
Canada,Italy,2021,14,0,14,0,280000
Canada,Jamaica,2021,893,0,893,0,17860000
Canada,Jordan,2021,581,0,581,0,11620000
Canada,Kazakhstan,2021,169,0,169,0,3380000
Canada,Kenya,2021,379,0,379,0,7580000
Canada,Kuwait,2021,72,0,72,0,1440000
Canada,Kyrgyzstan,2021,74,0,74,0,1480000
Canada,Lao People's Dem. Rep.,2021,5,0,5,0,100000
Canada,Latvia,2021,58,0,58,0,1160000
Canada,Lebanon,2021,1034,0,1034,0,20680000
Canada,Liberia,2021,52,0,52,0,1040000
Canada,Libya,2021,1862,0,1862,0,37240000
Canada,Lithuania,2021,19,0,19,0,380000
Canada,Madagascar,2021,21,0,21,0,420000
Canada,Malawi,2021,14,0,14,0,280000
Canada,Mali,2021,218,0,218,0,4360000
Canada,Malta,2021,5,0,5,0,100000
Canada,Mauritania,2021,186,0,186,0,3720000
Canada,Mauritius,2021,14,0,14,0,280000
Canada,Mexico,2021,3572,0,3572,0,71440000
Canada,Mongolia,2021,154,0,154,0,3080000
Canada,Morocco,2021,151,0,151,0,3020000
Canada,Namibia,2021,262,0,262,0,5240000
Canada,Nepal,2021,58,0,58,0,1160000
Canada,Netherlands,2021,11,0,11,0,220000
Canada,Nicaragua,2021,593,0,593,0,11860000
Canada,Niger,2021,52,0,52,0,1040000
Canada,Nigeria,2021,9883,0,9883,0,197660000
Canada,North Macedonia,2021,19,0,19,0,380000
Canada,Pakistan,2021,6965,0,6965,0,139300000
Canada,Panama,2021,24,0,24,0,480000
Canada,Paraguay,2021,13,0,13,0,260000
Canada,Peru,2021,139,0,139,0,2780000
Canada,Philippines,2021,76,0,76,0,1520000
Canada,Poland,2021,67,0,67,0,1340000
Canada,Portugal,2021,5,0,5,0,100000
Canada,Qatar,2021,9,0,9,0,180000
Canada,Rep. of Korea,2021,38,0,38,0,760000
Canada,Rep. of Moldova,2021,61,0,61,0,1220000
Canada,Romania,2021,469,0,469,0,9380000
Canada,Russian Federation,2021,724,0,724,0,14480000
Canada,Rwanda,2021,1011,0,1011,0,20220000
Canada,Saint Kitts and Nevis,2021,39,0,39,0,780000
Canada,Saint Lucia,2021,558,0,558,0,11160000
Canada,Saint Vincent and the Grenadines,2021,538,0,538,0,10760000
Canada,Saudi Arabia,2021,604,0,604,0,12080000
Canada,Senegal,2021,280,0,280,0,5600000
Canada,Serbia and Kosovo: S/RES/1244 (1999),2021,203,0,203,0,4060000
Canada,Seychelles,2021,5,0,5,0,100000
Canada,Sierra Leone,2021,23,0,23,0,460000
Canada,Singapore,2021,10,0,10,0,200000
Canada,Slovakia,2021,1204,0,1204,0,24080000
Canada,Slovenia,2021,6,0,6,0,120000
Canada,Somalia,2021,1830,0,1830,0,36600000
Canada,South Africa,2021,58,0,58,0,1160000
Canada,South Sudan,2021,21,0,21,0,420000
Canada,Spain,2021,14,0,14,0,280000
Canada,Sri Lanka,2021,2439,0,2439,0,48780000
Canada,State of Palestine,2021,2198,0,2198,0,43960000
Canada,Stateless,2021,209,0,209,0,4180000
Canada,Sudan,2021,2263,0,2263,0,45260000
Canada,Syrian Arab Rep.,2021,274,0,274,0,5480000
Canada,Tajikistan,2021,52,0,52,0,1040000
Canada,Timor-Leste,2021,5,0,5,0,100000
Canada,Togo,2021,87,0,87,0,1740000
Canada,Trinidad and Tobago,2021,60,0,60,0,1200000
Canada,Tunisia,2021,172,0,172,0,3440000
Canada,Turkey,2021,7571,0,7571,0,151420000
Canada,Turkmenistan,2021,33,0,33,0,660000
Canada,Uganda,2021,943,0,943,0,18860000
Canada,Ukraine,2021,1273,0,1273,0,25460000
Canada,United Arab Emirates,2021,50,0,50,0,1000000
Canada,United Rep. of Tanzania,2021,170,0,170,0,3400000
Canada,United States of America,2021,371,0,371,0,7420000
Canada,Unknown/other,2021,4356,5,4356,5,87120000
Canada,Uruguay,2021,5,0,5,0,100000
Canada,Uzbekistan,2021,149,0,149,0,2980000
Canada,Venezuela (Bolivarian Republic of),2021,3990,0,3990,0,79800000
Canada,Viet Nam,2021,16,0,16,0,320000
Canada,Yemen,2021,2186,0,2186,0,43720000
Canada,Zambia,2021,6,0,6,0,120000
Canada,Zimbabwe,2021,640,0,640,0,12800000
Cayman Islands,Cuba,2021,43,0,43,0,860000
Central African Rep.,Angola,2021,12,0,12,0,240000
Central African Rep.,Burundi,2021,22,0,22,0,440000
Central African Rep.,Cameroon,2021,31,0,31,0,620000
Central African Rep.,Chad,2021,1055,0,1055,0,21100000
Central African Rep.,"Congo, Republic of",2021,16,0,16,0,320000
Central African Rep.,Côte d'Ivoire,2021,6,0,6,0,120000
Central African Rep.,Dem. Rep. of the Congo,2021,5556,0,5556,0,111120000
Central African Rep.,Guinea,2021,6,0,6,0,120000
Central African Rep.,Liberia,2021,5,0,5,0,100000
Central African Rep.,Rwanda,2021,217,0,217,0,4340000
Central African Rep.,South Sudan,2021,1846,0,1846,0,36920000
Central African Rep.,Sudan,2021,387,0,387,0,7740000
Central African Rep.,Turkey,2021,8,0,8,0,160000
Central African Rep.,Uganda,2021,7,0,7,0,140000
Chad,Burundi,2021,5,5,5,5,100000
Chad,Cameroon,2021,6,6,6,6,120000
Chad,Central African Rep.,2021,118168,118168,118168,118168,2363360000
Chad,"Congo, Republic of",2021,11,11,11,11,220000
Chad,Côte d'Ivoire,2021,5,5,5,5,100000
Chad,Dem. Rep. of the Congo,2021,243,243,243,243,4860000
Chad,Eritrea,2021,6,6,6,6,120000
Chad,Ethiopia,2021,19,19,19,19,380000
Chad,Iran (Islamic Rep. of),2021,5,5,5,5,100000
Chad,Libya,2021,24,24,24,24,480000
Chad,Mali,2021,7,7,7,7,140000
Chad,Niger,2021,720,720,720,720,14400000
Chad,Nigeria,2021,16294,16294,16294,16294,325880000
Chad,Rwanda,2021,14,14,14,14,280000
Chad,Somalia,2021,7,7,7,7,140000
Chad,South Sudan,2021,10,10,10,10,200000
Chad,Sudan,2021,372723,372723,372723,372723,7454460000
Chad,Syrian Arab Rep.,2021,32,32,32,32,640000
Chad,Yemen,2021,5,5,5,5,100000
Cyprus,Afghanistan,2021,16,0,16,0,320000
Chile,Colombia,2021,1232,38,1232,38,24640000
Chile,"Congo, Republic of",2021,8,0,8,0,160000
Chile,Costa Rica,2021,5,0,5,0,100000
Chile,Cuba,2021,19,8,19,8,380000
Chile,Dem. Rep. of the Congo,2021,5,0,5,0,100000
Chile,Ecuador,2021,23,5,23,5,460000
Chile,El Salvador,2021,9,0,9,0,180000
Chile,Honduras,2021,5,0,5,0,100000
Chile,Kenya,2021,5,0,5,0,100000
Chile,Peru,2021,113,0,113,0,2260000
Chile,Russian Federation,2021,5,0,5,0,100000
Chile,Senegal,2021,5,0,5,0,100000
Chile,Sri Lanka,2021,5,0,5,0,100000
Chile,State of Palestine,2021,16,0,16,0,320000
Chile,Syrian Arab Rep.,2021,114,0,114,0,2280000
Chile,Turkey,2021,27,0,27,0,540000
Chile,Unknown/other,2021,433,0,433,0,8660000
Chile,Venezuela (Bolivarian Republic of),2021,18,18,18,18,360000
Czechia,Afghanistan,2021,39,0,39,0,780000
China,Cambodia,2021,11,11,11,11,220000
China,Dem. Rep. of the Congo,2021,10,10,10,10,200000
China,Eritrea,2021,10,10,10,10,200000
China,Iran (Islamic Rep. of),2021,5,5,5,5,100000
China,Iraq,2021,17,17,17,17,340000
China,Pakistan,2021,32,32,32,32,640000
China,Panama,2021,10,10,10,10,200000
China,Somalia,2021,115,115,115,115,2300000
China,Syrian Arab Rep.,2021,47,47,47,47,940000
China,Uganda,2021,5,5,5,5,100000
China,Viet Nam,2021,303107,0,303107,0,6062140000
China,Yemen,2021,25,25,25,25,500000
China,Zimbabwe,2021,5,5,5,5,100000
Denmark,Afghanistan,2021,1922,0,1922,0,38440000
"China, Hong Kong SAR",Bangladesh,2021,0,0,12,12,0
"China, Hong Kong SAR",Burundi,2021,0,0,12,12,0
"China, Hong Kong SAR",Cameroon,2021,0,0,5,5,0
"China, Hong Kong SAR",Central African Rep.,2021,0,0,5,5,0
"China, Hong Kong SAR",Dem. Rep. of the Congo,2021,0,0,9,9,0
"China, Hong Kong SAR",Egypt,2021,0,0,14,14,0
"China, Hong Kong SAR",Ethiopia,2021,0,0,7,7,0
"China, Hong Kong SAR",Indonesia,2021,0,0,12,12,0
"China, Hong Kong SAR",Nepal,2021,0,0,8,8,0
"China, Hong Kong SAR",Pakistan,2021,0,0,26,26,0
"China, Hong Kong SAR",Philippines,2021,0,0,9,9,0
"China, Hong Kong SAR",Rwanda,2021,0,0,29,29,0
"China, Hong Kong SAR",Somalia,2021,0,0,36,36,0
"China, Hong Kong SAR",Sri Lanka,2021,0,0,20,20,0
"China, Hong Kong SAR",State of Palestine,2021,0,0,5,5,0
"China, Hong Kong SAR",Sudan,2021,0,0,5,5,0
"China, Hong Kong SAR",Uganda,2021,0,0,5,5,0
"China, Hong Kong SAR",Yemen,2021,0,0,36,36,0
Estonia,Afghanistan,2021,7,0,7,0,140000
Colombia,Bolivia (Plurinational State of),2021,5,0,5,0,100000
Colombia,Cuba,2021,77,5,77,5,1540000
Colombia,Ecuador,2021,7,0,7,0,140000
Colombia,El Salvador,2021,11,0,11,0,220000
Colombia,Eritrea,2021,5,0,5,0,100000
Colombia,Ethiopia,2021,7,0,7,0,140000
Colombia,Honduras,2021,5,0,5,0,100000
Colombia,Hungary,2021,5,0,5,0,100000
Colombia,Iraq,2021,7,0,7,0,140000
Colombia,Nicaragua,2021,9,0,9,0,180000
Colombia,Serbia and Kosovo: S/RES/1244 (1999),2021,5,0,5,0,100000
Colombia,Sierra Leone,2021,5,0,5,0,100000
Colombia,Somalia,2021,11,0,11,0,220000
Colombia,Syrian Arab Rep.,2021,8,0,8,0,160000
Colombia,Turkey,2021,5,0,5,0,100000
Colombia,Unknown/other,2021,5,0,5,0,100000
Colombia,Venezuela (Bolivarian Republic of),2021,778,182,778,182,15560000
"Congo, Republic of",Angola,2021,7,7,7,7,140000
"Congo, Republic of",Burundi,2021,78,78,78,78,1560000
"Congo, Republic of",Cameroon,2021,5,5,5,5,100000
"Congo, Republic of",Central African Rep.,2021,23591,23591,23591,23591,471820000
"Congo, Republic of",Chad,2021,27,27,27,27,540000
"Congo, Republic of",Côte d'Ivoire,2021,5,5,5,5,100000
"Congo, Republic of",Dem. Rep. of the Congo,2021,12113,12113,12113,12113,242260000
"Congo, Republic of",Mali,2021,5,5,5,5,100000
"Congo, Republic of",Mauritania,2021,5,5,5,5,100000
"Congo, Republic of",Nigeria,2021,5,5,5,5,100000
"Congo, Republic of",Rwanda,2021,2544,2544,2544,2544,50880000
"Congo, Republic of",Sudan,2021,31,31,31,31,620000
"Congo, Republic of",Syrian Arab Rep.,2021,5,5,5,5,100000
Costa Rica,Burundi,2021,7,7,7,7,140000
Costa Rica,Colombia,2021,2324,2324,2324,2324,46480000
Costa Rica,Cuba,2021,447,447,447,447,8940000
Costa Rica,Dem. Rep. of the Congo,2021,12,12,12,12,240000
Costa Rica,El Salvador,2021,1459,1459,1459,1459,29180000
Costa Rica,Ethiopia,2021,5,5,5,5,100000
Costa Rica,Guatemala,2021,25,25,25,25,500000
Costa Rica,Haiti,2021,12,12,12,12,240000
Costa Rica,Honduras,2021,207,207,207,207,4140000
Costa Rica,Indonesia,2021,5,5,5,5,100000
Costa Rica,Iran (Islamic Rep. of),2021,5,5,5,5,100000
Costa Rica,Iraq,2021,5,5,5,5,100000
Costa Rica,Mexico,2021,13,13,13,13,260000
Costa Rica,Nicaragua,2021,3943,3943,3943,3943,78860000
Costa Rica,Nigeria,2021,17,17,17,17,340000
Costa Rica,Pakistan,2021,5,5,5,5,100000
Costa Rica,Panama,2021,6,6,6,6,120000
Costa Rica,Peru,2021,13,13,13,13,260000
Costa Rica,Russian Federation,2021,27,27,27,27,540000
Costa Rica,Somalia,2021,7,7,7,7,140000
Costa Rica,Syrian Arab Rep.,2021,5,5,5,5,100000
Costa Rica,Ukraine,2021,13,13,13,13,260000
Costa Rica,United States of America,2021,5,5,5,5,100000
Costa Rica,Venezuela (Bolivarian Republic of),2021,1409,1409,1409,1409,28180000
Côte d'Ivoire,Burundi,2021,36,36,36,36,720000
Côte d'Ivoire,Cambodia,2021,10,10,10,10,200000
Côte d'Ivoire,Central African Rep.,2021,535,535,535,535,10700000
Côte d'Ivoire,Chad,2021,5,5,5,5,100000
Côte d'Ivoire,"Congo, Republic of",2021,86,86,86,86,1720000
Côte d'Ivoire,Dem. Rep. of the Congo,2021,132,132,132,132,2640000
Côte d'Ivoire,Egypt,2021,5,5,5,5,100000
Côte d'Ivoire,Eritrea,2021,8,8,8,8,160000
Côte d'Ivoire,Ethiopia,2021,5,5,5,5,100000
Côte d'Ivoire,Iran (Islamic Rep. of),2021,6,6,6,6,120000
Côte d'Ivoire,Iraq,2021,5,5,5,5,100000
Côte d'Ivoire,Liberia,2021,991,991,991,991,19820000
Côte d'Ivoire,Mali,2021,12,12,12,12,240000
Côte d'Ivoire,Nigeria,2021,5,5,5,5,100000
Côte d'Ivoire,Rwanda,2021,55,55,55,55,1100000
Côte d'Ivoire,Somalia,2021,5,5,5,5,100000
Côte d'Ivoire,Sri Lanka,2021,5,5,5,5,100000
Côte d'Ivoire,Sudan,2021,10,10,10,10,200000
Côte d'Ivoire,Syrian Arab Rep.,2021,142,142,142,142,2840000
Côte d'Ivoire,Togo,2021,17,17,17,17,340000
Côte d'Ivoire,Turkey,2021,34,34,34,34,680000
Côte d'Ivoire,Viet Nam,2021,5,5,5,5,100000
Côte d'Ivoire,Yemen,2021,5,5,5,5,100000
Finland,Afghanistan,2021,3476,0,3476,0,69520000
Croatia,Azerbaijan,2021,5,5,5,5,100000
Croatia,Bangladesh,2021,7,7,7,7,140000
Croatia,Belarus,2021,5,5,5,5,100000
Croatia,Bosnia and Herzegovina,2021,5,5,5,5,100000
Croatia,Cameroon,2021,5,5,5,5,100000
Croatia,"Congo, Republic of",2021,5,5,5,5,100000
Croatia,Dem. Rep. of the Congo,2021,6,6,6,6,120000
Croatia,Egypt,2021,8,8,8,8,160000
Croatia,Eritrea,2021,23,23,23,23,460000
Croatia,Georgia,2021,5,5,5,5,100000
Croatia,Iran (Islamic Rep. of),2021,37,37,37,37,740000
Croatia,Iraq,2021,114,114,114,114,2280000
Croatia,Kazakhstan,2021,5,5,5,5,100000
Croatia,Libya,2021,5,5,5,5,100000
Croatia,Mauritania,2021,5,5,5,5,100000
Croatia,Nigeria,2021,12,12,12,12,240000
Croatia,Pakistan,2021,7,7,7,7,140000
Croatia,Russian Federation,2021,15,15,15,15,300000
Croatia,Somalia,2021,29,29,29,29,580000
Croatia,Stateless,2021,5,5,5,5,100000
Croatia,Sudan,2021,5,5,5,5,100000
Croatia,Syrian Arab Rep.,2021,544,544,544,544,10880000
Croatia,Turkey,2021,26,26,26,26,520000
Croatia,Ukraine,2021,8,8,8,8,160000
Croatia,Unknown/other,2021,7,7,7,7,140000
Croatia,Uzbekistan,2021,5,5,5,5,100000
Croatia,Yemen,2021,7,7,7,7,140000
France,Afghanistan,2021,37744,0,37744,0,754880000
Cuba,Eritrea,2021,8,8,8,8,160000
Cuba,Ethiopia,2021,6,5,6,5,120000
Cuba,Haiti,2021,5,5,5,5,100000
Cuba,Iran (Islamic Rep. of),2021,9,9,9,9,180000
Cuba,Sudan,2021,10,10,10,10,200000
Cuba,Syrian Arab Rep.,2021,37,19,37,19,740000
Cuba,Western Sahara,2021,95,84,95,84,1900000
Cuba,Yemen,2021,15,11,15,11,300000
Curaçao,Colombia,2021,44,0,44,0,880000
Curaçao,Venezuela (Bolivarian Republic of),2021,23,0,23,0,460000
Georgia,Afghanistan,2021,11,0,11,0,220000
Cyprus,Algeria,2021,8,0,8,0,160000
Cyprus,Armenia,2021,26,0,26,0,520000
Cyprus,Bangladesh,2021,7,0,7,0,140000
Cyprus,Bosnia and Herzegovina,2021,15,0,15,0,300000
Cyprus,Cameroon,2021,96,11,96,11,1920000
Cyprus,China,2021,5,0,5,0,100000
Cyprus,"Congo, Republic of",2021,10,0,10,0,200000
Cyprus,Côte d'Ivoire,2021,5,0,5,0,100000
Cyprus,Dem. Rep. of the Congo,2021,26,0,26,0,520000
Cyprus,Egypt,2021,119,6,119,6,2380000
Cyprus,Eritrea,2021,53,0,53,0,1060000
Cyprus,Ethiopia,2021,10,0,10,0,200000
Cyprus,Gambia,2021,6,0,6,0,120000
Cyprus,Georgia,2021,85,0,85,0,1700000
Cyprus,Guinea,2021,5,0,5,0,100000
Cyprus,India,2021,10,0,10,0,200000
Cyprus,Iran (Islamic Rep. of),2021,593,7,593,7,11860000
Cyprus,Iraq,2021,974,11,974,11,19480000
Cyprus,Jordan,2021,50,0,50,0,1000000
Cyprus,Kazakhstan,2021,5,0,5,0,100000
Cyprus,Kyrgyzstan,2021,5,0,5,0,100000
Cyprus,Lebanon,2021,53,5,53,5,1060000
Cyprus,Libya,2021,12,0,12,0,240000
Cyprus,Nigeria,2021,15,0,15,0,300000
Cyprus,Pakistan,2021,18,0,18,0,360000
Cyprus,Philippines,2021,12,0,12,0,240000
Cyprus,Rep. of Moldova,2021,18,0,18,0,360000
Cyprus,Russian Federation,2021,77,0,77,0,1540000
Cyprus,Rwanda,2021,5,0,5,0,100000
Cyprus,Serbia and Kosovo: S/RES/1244 (1999),2021,59,0,59,0,1180000
Cyprus,Sierra Leone,2021,24,0,24,0,480000
Cyprus,Somalia,2021,326,40,326,40,6520000
Cyprus,Sri Lanka,2021,29,0,29,0,580000
Cyprus,State of Palestine,2021,2152,22,2152,22,43040000
Cyprus,Stateless,2021,64,0,64,0,1280000
Cyprus,Sudan,2021,13,0,13,0,260000
Cyprus,Syrian Arab Rep.,2021,9820,98,9820,98,196400000
Cyprus,Turkey,2021,241,12,241,12,4820000
Cyprus,Ukraine,2021,30,0,30,0,600000
Cyprus,Unknown/other,2021,5,0,5,0,100000
Cyprus,Uzbekistan,2021,5,0,5,0,100000
Cyprus,Viet Nam,2021,5,0,5,0,100000
Cyprus,Yemen,2021,29,5,29,5,580000
Germany,Afghanistan,2021,152677,0,152677,0,3053540000
Czechia,Armenia,2021,28,0,28,0,560000
Czechia,Azerbaijan,2021,23,0,23,0,460000
Czechia,Belarus,2021,172,0,172,0,3440000
Czechia,Bosnia and Herzegovina,2021,5,0,5,0,100000
Czechia,Burundi,2021,5,0,5,0,100000
Czechia,China,2021,54,0,54,0,1080000
Czechia,Cuba,2021,45,0,45,0,900000
Czechia,Dem. Rep. of the Congo,2021,6,0,6,0,120000
Czechia,Egypt,2021,8,0,8,0,160000
Czechia,Eritrea,2021,11,0,11,0,220000
Czechia,Ethiopia,2021,5,0,5,0,100000
Czechia,Georgia,2021,14,0,14,0,280000
Czechia,Guinea,2021,5,0,5,0,100000
Czechia,Iran (Islamic Rep. of),2021,7,0,7,0,140000
Czechia,Iraq,2021,110,0,110,0,2200000
Czechia,Kazakhstan,2021,110,0,110,0,2200000
Czechia,Kyrgyzstan,2021,21,0,21,0,420000
Czechia,Lebanon,2021,5,0,5,0,100000
Czechia,Libya,2021,24,0,24,0,480000
Czechia,Mongolia,2021,7,0,7,0,140000
Czechia,Morocco,2021,5,0,5,0,100000
Czechia,Myanmar,2021,148,0,148,0,2960000
Czechia,Nigeria,2021,8,0,8,0,160000
Czechia,Pakistan,2021,14,0,14,0,280000
Czechia,Rep. of Moldova,2021,18,0,18,0,360000
Czechia,Russian Federation,2021,182,0,182,0,3640000
Czechia,Saudi Arabia,2021,6,0,6,0,120000
Czechia,Serbia and Kosovo: S/RES/1244 (1999),2021,7,0,7,0,140000
Czechia,Sierra Leone,2021,5,0,5,0,100000
Czechia,Somalia,2021,14,0,14,0,280000
Czechia,Sri Lanka,2021,6,0,6,0,120000
Czechia,Stateless,2021,105,0,105,0,2100000
Czechia,Sudan,2021,9,0,9,0,180000
Czechia,Syrian Arab Rep.,2021,398,0,398,0,7960000
Czechia,Togo,2021,5,0,5,0,100000
Czechia,Turkey,2021,12,0,12,0,240000
Czechia,Turkmenistan,2021,8,0,8,0,160000
Czechia,Uganda,2021,5,0,5,0,100000
Czechia,Ukraine,2021,289,0,289,0,5780000
Czechia,Uzbekistan,2021,54,0,54,0,1080000
Czechia,Venezuela (Bolivarian Republic of),2021,9,0,9,0,180000
Czechia,Viet Nam,2021,15,0,15,0,300000
Czechia,Yemen,2021,26,0,26,0,520000
Dem. Rep. of the Congo,Angola,2021,415,415,415,415,8300000
Dem. Rep. of the Congo,Burundi,2021,43158,43158,43158,43158,863160000
Dem. Rep. of the Congo,Central African Rep.,2021,206346,206346,206346,206346,4126920000
Dem. Rep. of the Congo,Chad,2021,5,5,5,5,100000
Dem. Rep. of the Congo,"Congo, Republic of",2021,645,645,645,645,12900000
Dem. Rep. of the Congo,Côte d'Ivoire,2021,7,7,7,7,140000
Dem. Rep. of the Congo,Eritrea,2021,6,6,6,6,120000
Dem. Rep. of the Congo,Liberia,2021,5,5,5,5,100000
Dem. Rep. of the Congo,Rwanda,2021,213331,75213,213331,75213,4266620000
Dem. Rep. of the Congo,Somalia,2021,14,14,14,14,280000
Dem. Rep. of the Congo,South Sudan,2021,55819,55819,55819,55819,1116380000
Dem. Rep. of the Congo,Sudan,2021,34,34,34,34,680000
Dem. Rep. of the Congo,Syrian Arab Rep.,2021,8,8,8,8,160000
Dem. Rep. of the Congo,Uganda,2021,26,26,26,26,520000
Greece,Afghanistan,2021,25188,0,25188,0,503760000
Denmark,Armenia,2021,78,0,78,0,1560000
Denmark,Azerbaijan,2021,31,0,31,0,620000
Denmark,Bangladesh,2021,17,0,17,0,340000
Denmark,Belarus,2021,5,0,5,0,100000
Denmark,Bosnia and Herzegovina,2021,5,0,5,0,100000
Denmark,Burundi,2021,5,0,5,0,100000
Denmark,Cameroon,2021,8,0,8,0,160000
Denmark,China,2021,18,0,18,0,360000
Denmark,Colombia,2021,5,0,5,0,100000
Denmark,Côte d'Ivoire,2021,14,0,14,0,280000
Denmark,Dem. People's Rep. of Korea,2021,5,0,5,0,100000
Denmark,Dem. Rep. of the Congo,2021,68,0,68,0,1360000
Denmark,Egypt,2021,17,0,17,0,340000
Denmark,El Salvador,2021,5,0,5,0,100000
Denmark,Eritrea,2021,5634,0,5634,0,112680000
Denmark,Ethiopia,2021,94,0,94,0,1880000
Denmark,Gambia,2021,5,0,5,0,100000
Denmark,Ghana,2021,5,0,5,0,100000
Denmark,Guinea-Bissau,2021,5,0,5,0,100000
Denmark,India,2021,5,0,5,0,100000
Denmark,Iran (Islamic Rep. of),2021,2931,0,2931,0,58620000
Denmark,Iraq,2021,283,0,283,0,5660000
Denmark,Kenya,2021,5,0,5,0,100000
Denmark,Kyrgyzstan,2021,5,0,5,0,100000
Denmark,Lebanon,2021,30,0,30,0,600000
Denmark,Libya,2021,5,0,5,0,100000
Denmark,Morocco,2021,9,0,9,0,180000
Denmark,Myanmar,2021,17,0,17,0,340000
Denmark,Nepal,2021,5,0,5,0,100000
Denmark,Nicaragua,2021,9,0,9,0,180000
Denmark,Nigeria,2021,10,0,10,0,200000
Denmark,Pakistan,2021,67,0,67,0,1340000
Denmark,Russian Federation,2021,689,0,689,0,13780000
Denmark,Rwanda,2021,13,0,13,0,260000
Denmark,Somalia,2021,1345,0,1345,0,26900000
Denmark,Sri Lanka,2021,39,0,39,0,780000
Denmark,State of Palestine,2021,6,0,6,0,120000
Denmark,Stateless,2021,2954,0,2954,0,59080000
Denmark,Sudan,2021,58,0,58,0,1160000
Denmark,Syrian Arab Rep.,2021,19833,0,19833,0,396660000
Denmark,Tajikistan,2021,6,0,6,0,120000
Denmark,Thailand,2021,5,0,5,0,100000
Denmark,Turkey,2021,20,0,20,0,400000
Denmark,Uganda,2021,73,0,73,0,1460000
Denmark,Ukraine,2021,29,0,29,0,580000
Denmark,Uzbekistan,2021,9,0,9,0,180000
Denmark,Venezuela (Bolivarian Republic of),2021,5,0,5,0,100000
Denmark,Yemen,2021,7,0,7,0,140000
Denmark,Zambia,2021,5,0,5,0,100000
Denmark,Zimbabwe,2021,8,0,8,0,160000
Djibouti,Dem. Rep. of the Congo,2021,5,5,5,5,100000
Djibouti,Eritrea,2021,544,544,544,544,10880000
Djibouti,Ethiopia,2021,1699,1699,1699,1699,33980000
Djibouti,Iraq,2021,19,19,19,19,380000
Djibouti,Somalia,2021,13866,13866,13866,13866,277320000
Djibouti,Sudan,2021,8,8,8,8,160000
Djibouti,Syrian Arab Rep.,2021,10,10,10,10,200000
Djibouti,Yemen,2021,5972,5972,5972,5972,119440000
Dominican Rep.,Haiti,2021,162,162,162,162,3240000
Hungary,Afghanistan,2021,1481,0,1481,0,29620000
Ecuador,Albania,2021,6,0,6,0,120000
Ecuador,Angola,2021,5,0,5,0,100000
Ecuador,Bangladesh,2021,5,0,5,0,100000
Ecuador,Brazil,2021,5,0,5,0,100000
Ecuador,Burkina Faso,2021,5,0,5,0,100000
Ecuador,Cameroon,2021,20,6,20,6,400000
Ecuador,Chile,2021,6,0,6,0,120000
Ecuador,China,2021,12,5,12,5,240000
Ecuador,Colombia,2021,53707,16112,53707,16112,1074140000
Ecuador,"Congo, Republic of",2021,5,0,5,0,100000
Ecuador,Cuba,2021,214,64,214,64,4280000
Ecuador,Dem. Rep. of the Congo,2021,8,0,8,0,160000
Ecuador,Dominican Rep.,2021,5,0,5,0,100000
Ecuador,El Salvador,2021,27,8,27,8,540000
Ecuador,Eritrea,2021,11,5,11,5,220000
Ecuador,Ethiopia,2021,5,0,5,0,100000
Ecuador,Ghana,2021,5,0,5,0,100000
Ecuador,Guinea,2021,9,5,9,5,180000
Ecuador,Haiti,2021,21,6,21,6,420000
Ecuador,India,2021,5,0,5,0,100000
Ecuador,Iran (Islamic Rep. of),2021,63,19,63,19,1260000
Ecuador,Iraq,2021,56,17,56,17,1120000
Ecuador,Lebanon,2021,19,6,19,6,380000
Ecuador,Liberia,2021,6,0,6,0,120000
Ecuador,Mali,2021,5,0,5,0,100000
Ecuador,Morocco,2021,5,0,5,0,100000
Ecuador,Nepal,2021,5,0,5,0,100000
Ecuador,Nicaragua,2021,5,0,5,0,100000
Ecuador,Nigeria,2021,39,12,39,12,780000
Ecuador,Pakistan,2021,29,9,29,9,580000
Ecuador,Panama,2021,5,0,5,0,100000
Ecuador,Peru,2021,82,25,82,25,1640000
Ecuador,Russian Federation,2021,36,11,36,11,720000
Ecuador,Rwanda,2021,5,0,5,0,100000
Ecuador,Saudi Arabia,2021,8,0,8,0,160000
Ecuador,Somalia,2021,8,0,8,0,160000
Ecuador,Spain,2021,5,0,5,0,100000
Ecuador,Sri Lanka,2021,18,5,18,5,360000
Ecuador,State of Palestine,2021,9,5,9,5,180000
Ecuador,Sudan,2021,5,0,5,0,100000
Ecuador,Syrian Arab Rep.,2021,141,42,141,42,2820000
Ecuador,Turkey,2021,5,0,5,0,100000
Ecuador,Ukraine,2021,15,5,15,5,300000
Ecuador,United Arab Emirates,2021,5,0,5,0,100000
Ecuador,United States of America,2021,8,0,8,0,160000
Ecuador,Unknown/other,2021,26,8,26,8,520000
Ecuador,Uzbekistan,2021,5,0,5,0,100000
Ecuador,Venezuela (Bolivarian Republic of),2021,442,133,442,133,8840000
Ecuador,Viet Nam,2021,5,0,5,0,100000
Ecuador,Western Sahara,2021,5,0,5,0,100000
Ecuador,Yemen,2021,116,35,116,35,2320000
Ecuador,Zimbabwe,2021,6,0,6,0,120000
Iceland,Afghanistan,2021,124,0,124,0,2480000
Egypt,Burundi,2021,56,56,56,56,1120000
Egypt,Cameroon,2021,18,18,18,18,360000
Egypt,Central African Rep.,2021,42,42,42,42,840000
Egypt,Chad,2021,58,58,58,58,1160000
Egypt,"Congo, Republic of",2021,14,14,14,14,280000
Egypt,Côte d'Ivoire,2021,93,93,93,93,1860000
Egypt,Dem. Rep. of the Congo,2021,47,47,47,47,940000
Egypt,Djibouti,2021,18,18,18,18,360000
Egypt,Eritrea,2021,13950,13950,13950,13950,279000000
Egypt,Ethiopia,2021,5478,5478,5478,5478,109560000
Egypt,Guinea,2021,11,11,11,11,220000
Egypt,Iraq,2021,4652,4652,4652,4652,93040000
Egypt,Jordan,2021,10,10,10,10,200000
Egypt,Kenya,2021,8,8,8,8,160000
Egypt,Libya,2021,5,5,5,5,100000
Egypt,Nigeria,2021,23,23,23,23,460000
Egypt,Russian Federation,2021,8,8,8,8,160000
Egypt,Rwanda,2021,5,5,5,5,100000
Egypt,Saudi Arabia,2021,15,15,15,15,300000
Egypt,Sierra Leone,2021,5,5,5,5,100000
Egypt,Somalia,2021,4708,4708,4708,4708,94160000
Egypt,South Sudan,2021,18539,18539,18539,18539,370780000
Egypt,State of Palestine,2021,70022,22,70022,22,1400440000
Egypt,Stateless,2021,5,5,5,5,100000
Egypt,Sudan,2021,26036,26036,26036,26036,520720000
Egypt,Syrian Arab Rep.,2021,133568,133568,133568,133568,2671360000
Egypt,Tajikistan,2021,12,12,12,12,240000
Egypt,Tunisia,2021,5,5,5,5,100000
Egypt,Turkmenistan,2021,5,5,5,5,100000
Egypt,Uganda,2021,13,13,13,13,260000
Egypt,Yemen,2021,152,152,152,152,3040000
Egypt,Zimbabwe,2021,43,43,43,43,860000
El Salvador,Colombia,2021,5,5,5,5,100000
El Salvador,Honduras,2021,12,12,12,12,240000
El Salvador,Nicaragua,2021,5,5,5,5,100000
El Salvador,United States of America,2021,5,5,5,5,100000
El Salvador,Venezuela (Bolivarian Republic of),2021,5,5,5,5,100000
Eritrea,Ethiopia,2021,15,15,15,15,300000
Eritrea,South Sudan,2021,7,7,7,7,140000
Eritrea,Sudan,2021,99,99,99,99,1980000
Ireland,Afghanistan,2021,431,0,431,0,8620000
Estonia,Azerbaijan,2021,5,0,5,0,100000
Estonia,Egypt,2021,5,0,5,0,100000
Estonia,Eritrea,2021,10,0,10,0,200000
Estonia,Georgia,2021,5,0,5,0,100000
Estonia,Iran (Islamic Rep. of),2021,6,0,6,0,120000
Estonia,Iraq,2021,17,0,17,0,340000
Estonia,Pakistan,2021,5,0,5,0,100000
Estonia,Russian Federation,2021,45,0,45,0,900000
Estonia,Serbia and Kosovo: S/RES/1244 (1999),2021,6,0,6,0,120000
Estonia,Sri Lanka,2021,5,0,5,0,100000
Estonia,Sudan,2021,15,0,15,0,300000
Estonia,Syrian Arab Rep.,2021,103,0,103,0,2060000
Estonia,Turkey,2021,22,0,22,0,440000
Estonia,Ukraine,2021,27,0,27,0,540000
Estonia,Yemen,2021,5,0,5,0,100000
Eswatini,Angola,2021,13,13,13,13,260000
Eswatini,Burundi,2021,182,182,182,182,3640000
Eswatini,"Congo, Republic of",2021,25,25,25,25,500000
Eswatini,Dem. Rep. of the Congo,2021,404,404,404,404,8080000
Eswatini,Ethiopia,2021,15,15,15,15,300000
Eswatini,Guinea,2021,5,5,5,5,100000
Eswatini,Kenya,2021,5,5,5,5,100000
Eswatini,Rwanda,2021,195,195,195,195,3900000
Eswatini,Somalia,2021,121,121,121,121,2420000
Eswatini,Sri Lanka,2021,5,5,5,5,100000
Eswatini,Uganda,2021,6,6,6,6,120000
Eswatini,Zimbabwe,2021,11,11,11,11,220000
Ethiopia,Burundi,2021,51,51,51,51,1020000
Ethiopia,Côte d'Ivoire,2021,5,5,5,5,100000
Ethiopia,Cuba,2021,5,5,5,5,100000
Ethiopia,Dem. Rep. of the Congo,2021,746,746,746,746,14920000
Ethiopia,Djibouti,2021,53,53,53,53,1060000
Ethiopia,Egypt,2021,5,5,5,5,100000
Ethiopia,Eritrea,2021,145531,145531,145531,145531,2910620000
Ethiopia,Iraq,2021,10,10,10,10,200000
Ethiopia,Kenya,2021,4033,4033,4033,4033,80660000
Ethiopia,Rwanda,2021,11,11,11,11,220000
Ethiopia,Somalia,2021,211676,211676,211676,211676,4233520000
Ethiopia,South Sudan,2021,373646,373646,373646,373646,7472920000
Ethiopia,Sudan,2021,44919,44919,44919,44919,898380000
Ethiopia,Syrian Arab Rep.,2021,8,8,8,8,160000
Ethiopia,Uganda,2021,11,11,11,11,220000
Ethiopia,Yemen,2021,2186,2186,2186,2186,43720000
Italy,Afghanistan,2021,12962,0,12962,0,259240000
Fiji,Pakistan,2021,5,5,5,5,100000
Japan,Afghanistan,2021,73,0,73,0,1460000
Finland,Albania,2021,5,0,5,0,100000
Finland,Algeria,2021,8,0,8,0,160000
Finland,Angola,2021,75,0,75,0,1500000
Finland,Azerbaijan,2021,67,0,67,0,1340000
Finland,Bangladesh,2021,27,0,27,0,540000
Finland,Belarus,2021,13,0,13,0,260000
Finland,Brazil,2021,5,0,5,0,100000
Finland,Burkina Faso,2021,5,0,5,0,100000
Finland,Burundi,2021,5,0,5,0,100000
Finland,Cambodia,2021,5,0,5,0,100000
Finland,Cameroon,2021,120,0,120,0,2400000
Finland,Central African Rep.,2021,6,0,6,0,120000
Finland,China,2021,188,0,188,0,3760000
Finland,"Congo, Republic of",2021,6,0,6,0,120000
Finland,Côte d'Ivoire,2021,8,0,8,0,160000
Finland,Cuba,2021,5,0,5,0,100000
Finland,Dem. Rep. of the Congo,2021,105,0,105,0,2100000
Finland,Dominican Rep.,2021,5,0,5,0,100000
Finland,Egypt,2021,26,0,26,0,520000
Finland,El Salvador,2021,10,0,10,0,200000
Finland,Eritrea,2021,862,0,862,0,17240000
Finland,Ethiopia,2021,148,0,148,0,2960000
Finland,Gambia,2021,29,0,29,0,580000
Finland,Georgia,2021,5,0,5,0,100000
Finland,Ghana,2021,41,0,41,0,820000
Finland,Guatemala,2021,5,0,5,0,100000
Finland,Guinea,2021,24,0,24,0,480000
Finland,Honduras,2021,28,0,28,0,560000
Finland,India,2021,5,0,5,0,100000
Finland,Indonesia,2021,5,0,5,0,100000
Finland,Iran (Islamic Rep. of),2021,946,0,946,0,18920000
Finland,Iraq,2021,9053,0,9053,0,181060000
Finland,Jordan,2021,6,0,6,0,120000
Finland,Kazakhstan,2021,10,0,10,0,200000
Finland,Kenya,2021,17,0,17,0,340000
Finland,Kyrgyzstan,2021,19,0,19,0,380000
Finland,Lebanon,2021,13,0,13,0,260000
Finland,Liberia,2021,5,0,5,0,100000
Finland,Libya,2021,33,0,33,0,660000
Finland,Mali,2021,7,0,7,0,140000
Finland,Morocco,2021,41,0,41,0,820000
Finland,Myanmar,2021,32,0,32,0,640000
Finland,Nicaragua,2021,61,0,61,0,1220000
Finland,Nigeria,2021,141,0,141,0,2820000
Finland,Pakistan,2021,74,0,74,0,1480000
Finland,Rep. of Moldova,2021,6,0,6,0,120000
Finland,Russian Federation,2021,870,0,870,0,17400000
Finland,Rwanda,2021,35,0,35,0,700000
Finland,Senegal,2021,5,0,5,0,100000
Finland,Serbia and Kosovo: S/RES/1244 (1999),2021,41,0,41,0,820000
Finland,Sierra Leone,2021,5,0,5,0,100000
Finland,Somalia,2021,2536,0,2536,0,50720000
Finland,South Sudan,2021,8,0,8,0,160000
Finland,Sri Lanka,2021,36,0,36,0,720000
Finland,Stateless,2021,422,0,422,0,8440000
Finland,Sudan,2021,50,0,50,0,1000000
Finland,Syrian Arab Rep.,2021,2633,0,2633,0,52660000
Finland,Tajikistan,2021,7,0,7,0,140000
Finland,Togo,2021,5,0,5,0,100000
Finland,Tunisia,2021,5,0,5,0,100000
Finland,Turkey,2021,784,0,784,0,15680000
Finland,Uganda,2021,35,0,35,0,700000
Finland,Ukraine,2021,11,0,11,0,220000
Finland,United Rep. of Tanzania,2021,5,0,5,0,100000
Finland,Unknown/other,2021,136,0,136,0,2720000
Finland,Uzbekistan,2021,10,0,10,0,200000
Finland,Venezuela (Bolivarian Republic of),2021,7,0,7,0,140000
Finland,Viet Nam,2021,8,0,8,0,160000
Finland,Yemen,2021,300,0,300,0,6000000
Finland,Zimbabwe,2021,6,0,6,0,120000
Kyrgyzstan,Afghanistan,2021,209,0,209,0,4180000
France,Albania,2021,6462,0,6462,0,129240000
France,Algeria,2021,2234,0,2234,0,44680000
France,Angola,2021,3883,0,3883,0,77660000
France,Argentina,2021,9,0,9,0,180000
France,Armenia,2021,4293,0,4293,0,85860000
France,Azerbaijan,2021,3006,0,3006,0,60120000
France,Bahrain,2021,10,0,10,0,200000
France,Bangladesh,2021,6947,0,6947,0,138940000
France,Belarus,2021,553,0,553,0,11060000
France,Benin,2021,120,0,120,0,2400000
France,Bhutan,2021,129,0,129,0,2580000
France,Bolivia (Plurinational State of),2021,39,0,39,0,780000
France,Bosnia and Herzegovina,2021,4101,0,4101,0,82020000
France,Brazil,2021,40,0,40,0,800000
France,Bulgaria,2021,66,0,66,0,1320000
France,Burkina Faso,2021,387,0,387,0,7740000
France,Burundi,2021,1395,0,1395,0,27900000
France,Cambodia,2021,10849,0,10849,0,216980000
France,Cameroon,2021,1972,0,1972,0,39440000
France,Central African Rep.,2021,3803,0,3803,0,76060000
France,Chad,2021,2233,0,2233,0,44660000
France,Chile,2021,67,0,67,0,1340000
France,China,2021,8519,0,8519,0,170380000
France,Colombia,2021,725,0,725,0,14500000
France,Comoros,2021,776,0,776,0,15520000
France,"Congo, Republic of",2021,3856,0,3856,0,77120000
France,Costa Rica,2021,5,0,5,0,100000
France,Côte d'Ivoire,2021,8338,0,8338,0,166760000
France,Croatia,2021,56,0,56,0,1120000
France,Cuba,2021,258,0,258,0,5160000
France,Czechia,2021,24,0,24,0,480000
France,Dem. Rep. of the Congo,2021,19007,0,19007,0,380140000
France,Djibouti,2021,384,0,384,0,7680000
France,Dominica,2021,5,0,5,0,100000
France,Dominican Rep.,2021,104,0,104,0,2080000
France,Ecuador,2021,23,0,23,0,460000
France,Egypt,2021,1175,0,1175,0,23500000
France,El Salvador,2021,84,0,84,0,1680000
France,Equatorial Guinea,2021,45,0,45,0,900000
France,Eritrea,2021,8218,0,8218,0,164360000
France,Estonia,2021,5,0,5,0,100000
France,Ethiopia,2021,2229,0,2229,0,44580000
France,Gabon,2021,328,0,328,0,6560000
France,Gambia,2021,405,0,405,0,8100000
France,Georgia,2021,3752,0,3752,0,75040000
France,Germany,2021,5,0,5,0,100000
France,Ghana,2021,530,0,530,0,10600000
France,Guatemala,2021,19,0,19,0,380000
France,Guinea,2021,15090,0,15090,0,301800000
France,Guinea-Bissau,2021,914,0,914,0,18280000
France,Guyana,2021,19,0,19,0,380000
France,Haiti,2021,4410,0,4410,0,88200000
France,Honduras,2021,35,0,35,0,700000
France,Hungary,2021,54,0,54,0,1080000
France,India,2021,253,0,253,0,5060000
France,Indonesia,2021,8,0,8,0,160000
France,Iran (Islamic Rep. of),2021,3268,0,3268,0,65360000
France,Iraq,2021,9328,0,9328,0,186560000
France,Israel,2021,8,0,8,0,160000
France,Jamaica,2021,19,0,19,0,380000
France,Jordan,2021,32,0,32,0,640000
France,Kazakhstan,2021,665,0,665,0,13300000
France,Kenya,2021,151,0,151,0,3020000
France,Kuwait,2021,291,0,291,0,5820000
France,Kyrgyzstan,2021,323,0,323,0,6460000
France,Lao People's Dem. Rep.,2021,6371,0,6371,0,127420000
France,Latvia,2021,32,0,32,0,640000
France,Lebanon,2021,197,0,197,0,3940000
France,Liberia,2021,258,0,258,0,5160000
France,Libya,2021,1522,0,1522,0,30440000
France,Lithuania,2021,6,0,6,0,120000
France,Madagascar,2021,243,0,243,0,4860000
France,Malaysia,2021,17,0,17,0,340000
France,Maldives,2021,5,0,5,0,100000
France,Mali,2021,5908,0,5908,0,118160000
France,Mauritania,2021,6074,0,6074,0,121480000
France,Mauritius,2021,31,0,31,0,620000
France,Mexico,2021,27,0,27,0,540000
France,Mongolia,2021,525,0,525,0,10500000
France,Montenegro,2021,97,0,97,0,1940000
France,Morocco,2021,1037,0,1037,0,20740000
France,Mozambique,2021,12,0,12,0,240000
France,Myanmar,2021,318,0,318,0,6360000
France,Nepal,2021,164,0,164,0,3280000
France,Nicaragua,2021,52,0,52,0,1040000
France,Niger,2021,138,0,138,0,2760000
France,Nigeria,2021,4060,0,4060,0,81200000
France,North Macedonia,2021,398,0,398,0,7960000
France,Pakistan,2021,2176,0,2176,0,43520000
France,Paraguay,2021,6,0,6,0,120000
France,Peru,2021,361,0,361,0,7220000
France,Philippines,2021,5,0,5,0,100000
France,Poland,2021,130,0,130,0,2600000
France,Rep. of Moldova,2021,332,0,332,0,6640000
France,Romania,2021,140,0,140,0,2800000
France,Russian Federation,2021,16995,0,16995,0,339900000
France,Rwanda,2021,3104,0,3104,0,62080000
France,Saint Lucia,2021,5,0,5,0,100000
France,Sao Tome and Principe,2021,5,0,5,0,100000
France,Saudi Arabia,2021,36,0,36,0,720000
France,Senegal,2021,2214,0,2214,0,44280000
France,Serbia and Kosovo: S/RES/1244 (1999),2021,14296,0,14296,0,285920000
France,Sierra Leone,2021,811,0,811,0,16220000
France,Slovakia,2021,102,0,102,0,2040000
France,Somalia,2021,6649,0,6649,0,132980000
France,South Africa,2021,91,0,91,0,1820000
France,South Sudan,2021,147,0,147,0,2940000
France,Sri Lanka,2021,23980,0,23980,0,479600000
France,State of Palestine,2021,1310,0,1310,0,26200000
France,Stateless,2021,124,0,124,0,2480000
France,Sudan,2021,21070,0,21070,0,421400000
France,Suriname,2021,5,0,5,0,100000
France,Syrian Arab Rep.,2021,23510,0,23510,0,470200000
France,Tajikistan,2021,74,0,74,0,1480000
France,Thailand,2021,14,0,14,0,280000
France,Togo,2021,798,0,798,0,15960000
France,Tunisia,2021,432,0,432,0,8640000
France,Turkey,2021,13180,0,13180,0,263600000
France,Turkmenistan,2021,24,0,24,0,480000
France,Uganda,2021,176,0,176,0,3520000
France,Ukraine,2021,1996,0,1996,0,39920000
France,United Arab Emirates,2021,5,0,5,0,100000
France,United Rep. of Tanzania,2021,11,0,11,0,220000
France,Unknown/other,2021,100932,0,100932,0,2018640000
France,Uzbekistan,2021,203,0,203,0,4060000
France,Venezuela (Bolivarian Republic of),2021,996,0,996,0,19920000
France,Viet Nam,2021,7628,0,7628,0,152560000
France,Western Sahara,2021,777,0,777,0,15540000
France,Yemen,2021,670,0,670,0,13400000
France,Zambia,2021,5,0,5,0,100000
France,Zimbabwe,2021,51,0,51,0,1020000
Gabon,Burundi,2021,6,6,6,6,120000
Gabon,Cameroon,2021,5,5,5,5,100000
Gabon,Central African Rep.,2021,19,19,19,19,380000
Gabon,Chad,2021,127,127,127,127,2540000
Gabon,"Congo, Republic of",2021,67,67,67,67,1340000
Gabon,Dem. Rep. of the Congo,2021,74,74,74,74,1480000
Gabon,Mauritania,2021,6,6,6,6,120000
Gabon,Sao Tome and Principe,2021,23,23,23,23,460000
Gabon,Togo,2021,6,6,6,6,120000
Gambia,Central African Rep.,2021,8,8,8,8,160000
Gambia,"Congo, Republic of",2021,6,6,6,6,120000
Gambia,Côte d'Ivoire,2021,150,150,150,150,3000000
Gambia,Dem. Rep. of the Congo,2021,60,60,60,60,1200000
Gambia,Guinea,2021,5,5,5,5,100000
Gambia,Liberia,2021,15,15,15,15,300000
Gambia,Rwanda,2021,5,5,5,5,100000
Gambia,Senegal,2021,4045,4045,4045,4045,80900000
Gambia,Sierra Leone,2021,107,107,107,107,2140000
Gambia,Togo,2021,18,18,18,18,360000
Latvia,Afghanistan,2021,62,0,62,0,1240000
Georgia,Azerbaijan,2021,5,0,5,0,100000
Georgia,Dem. Rep. of the Congo,2021,5,0,5,0,100000
Georgia,Egypt,2021,64,7,64,7,1280000
Georgia,Eritrea,2021,5,0,5,0,100000
Georgia,Iran (Islamic Rep. of),2021,39,14,39,14,780000
Georgia,Iraq,2021,404,109,404,109,8080000
Georgia,Lebanon,2021,6,0,6,0,120000
Georgia,Pakistan,2021,11,0,11,0,220000
Georgia,Russian Federation,2021,236,5,236,5,4720000
Georgia,Sudan,2021,6,0,6,0,120000
Georgia,Syrian Arab Rep.,2021,91,19,439,210,1820000
Georgia,Tajikistan,2021,5,5,5,5,100000
Georgia,Ukraine,2021,236,5,493,53,4720000
Georgia,Unknown/other,2021,16,0,16,0,320000
Georgia,Yemen,2021,50,7,50,7,1000000
Lebanon,Afghanistan,2021,13,0,13,0,260000
Germany,Albania,2021,1283,0,1283,0,25660000
Germany,Algeria,2021,626,0,626,0,12520000
Germany,Angola,2021,800,0,800,0,16000000
Germany,Argentina,2021,16,0,16,0,320000
Germany,Armenia,2021,2706,0,2706,0,54120000
Germany,Australia,2021,5,0,5,0,100000
Germany,Austria,2021,5,0,5,0,100000
Germany,Azerbaijan,2021,3851,0,3851,0,77020000
Germany,Bahrain,2021,77,0,77,0,1540000
Germany,Bangladesh,2021,801,0,801,0,16020000
Germany,Belarus,2021,183,0,183,0,3660000
Germany,Belgium,2021,7,0,7,0,140000
Germany,Benin,2021,100,0,100,0,2000000
Germany,Bhutan,2021,20,0,20,0,400000
Germany,Bolivia (Plurinational State of),2021,6,0,6,0,120000
Germany,Bosnia and Herzegovina,2021,1332,0,1332,0,26640000
Germany,Botswana,2021,5,0,5,0,100000
Germany,Brazil,2021,37,0,37,0,740000
Germany,Bulgaria,2021,69,0,69,0,1380000
Germany,Burkina Faso,2021,108,0,108,0,2160000
Germany,Burundi,2021,120,0,120,0,2400000
Germany,Cambodia,2021,29,0,29,0,580000
Germany,Cameroon,2021,878,0,878,0,17560000
Germany,Canada,2021,25,0,25,0,500000
Germany,Central African Rep.,2021,52,0,52,0,1040000
Germany,Chad,2021,114,0,114,0,2280000
Germany,Chile,2021,158,0,158,0,3160000
Germany,China,2021,1988,0,1988,0,39760000
Germany,"China, Hong Kong SAR",2021,5,0,5,0,100000
Germany,Colombia,2021,73,0,73,0,1460000
Germany,"Congo, Republic of",2021,277,0,277,0,5540000
Germany,Côte d'Ivoire,2021,707,0,707,0,14140000
Germany,Croatia,2021,271,0,271,0,5420000
Germany,Cuba,2021,73,0,73,0,1460000
Germany,Czechia,2021,693,0,693,0,13860000
Germany,Dem. People's Rep. of Korea,2021,89,0,89,0,1780000
Germany,Dem. Rep. of the Congo,2021,1469,0,1469,0,29380000
Germany,Djibouti,2021,33,0,33,0,660000
Germany,Dominica,2021,5,0,5,0,100000
Germany,Dominican Rep.,2021,8,0,8,0,160000
Germany,Ecuador,2021,12,0,12,0,240000
Germany,Egypt,2021,2300,0,2300,0,46000000
Germany,El Salvador,2021,139,0,139,0,2780000
Germany,Equatorial Guinea,2021,27,0,27,0,540000
Germany,Eritrea,2021,62152,0,62152,0,1243040000
Germany,Eswatini,2021,5,0,5,0,100000
Germany,Ethiopia,2021,6057,0,6057,0,121140000
Germany,France,2021,15,0,15,0,300000
Germany,Gabon,2021,13,0,13,0,260000
Germany,Gambia,2021,1266,0,1266,0,25320000
Germany,Georgia,2021,691,0,691,0,13820000
Germany,Ghana,2021,633,0,633,0,12660000
Germany,Greece,2021,46,0,46,0,920000
Germany,Guatemala,2021,5,0,5,0,100000
Germany,Guinea,2021,3770,0,3770,0,75400000
Germany,Guinea-Bissau,2021,122,0,122,0,2440000
Germany,Haiti,2021,11,0,11,0,220000
Germany,Honduras,2021,76,0,76,0,1520000
Germany,Hungary,2021,227,0,227,0,4540000
Germany,Iceland,2021,5,0,5,0,100000
Germany,India,2021,402,0,402,0,8040000
Germany,Indonesia,2021,16,0,16,0,320000
Germany,Iran (Islamic Rep. of),2021,45704,0,45704,0,914080000
Germany,Iraq,2021,147400,0,147400,0,2948000000
Germany,Israel,2021,41,0,41,0,820000
Germany,Italy,2021,29,0,29,0,580000
Germany,Jamaica,2021,75,0,75,0,1500000
Germany,Japan,2021,23,0,23,0,460000
Germany,Jordan,2021,512,0,512,0,10240000
Germany,Kazakhstan,2021,112,0,112,0,2240000
Germany,Kenya,2021,167,0,167,0,3340000
Germany,Kuwait,2021,42,0,42,0,840000
Germany,Kyrgyzstan,2021,235,0,235,0,4700000
Germany,Lao People's Dem. Rep.,2021,41,0,41,0,820000
Germany,Latvia,2021,6,0,6,0,120000
Germany,Lebanon,2021,1817,0,1817,0,36340000
Germany,Liberia,2021,128,0,128,0,2560000
Germany,Libya,2021,2703,0,2703,0,54060000
Germany,Lithuania,2021,5,0,5,0,100000
Germany,Malawi,2021,7,0,7,0,140000
Germany,Malaysia,2021,19,0,19,0,380000
Germany,Mali,2021,363,0,363,0,7260000
Germany,Mauritania,2021,61,0,61,0,1220000
Germany,Mauritius,2021,5,0,5,0,100000
Germany,Mexico,2021,22,0,22,0,440000
Germany,Mongolia,2021,228,0,228,0,4560000
Germany,Montenegro,2021,223,0,223,0,4460000
Germany,Morocco,2021,861,0,861,0,17220000
Germany,Mozambique,2021,13,0,13,0,260000
Germany,Myanmar,2021,862,0,862,0,17240000
Germany,Nepal,2021,60,0,60,0,1200000
Germany,Netherlands,2021,31,0,31,0,620000
Germany,New Zealand,2021,8,0,8,0,160000
Germany,Nicaragua,2021,5,0,5,0,100000
Germany,Niger,2021,61,0,61,0,1220000
Germany,Nigeria,2021,9323,0,9323,0,186460000
Germany,North Macedonia,2021,628,0,628,0,12560000
Germany,Oman,2021,8,0,8,0,160000
Germany,Pakistan,2021,8600,0,8600,0,172000000
Germany,Paraguay,2021,5,0,5,0,100000
Germany,Peru,2021,32,0,32,0,640000
Germany,Philippines,2021,42,0,42,0,840000
Germany,Poland,2021,584,0,584,0,11680000
Germany,Portugal,2021,7,0,7,0,140000
Germany,Qatar,2021,5,0,5,0,100000
Germany,Rep. of Korea,2021,26,0,26,0,520000
Germany,Rep. of Moldova,2021,123,0,123,0,2460000
Germany,Romania,2021,131,0,131,0,2620000
Germany,Russian Federation,2021,9329,0,9329,0,186580000
Germany,Rwanda,2021,315,0,315,0,6300000
Germany,Saint Vincent and the Grenadines,2021,5,0,5,0,100000
Germany,Saudi Arabia,2021,183,0,183,0,3660000
Germany,Senegal,2021,204,0,204,0,4080000
Germany,Serbia and Kosovo: S/RES/1244 (1999),2021,7503,0,7503,0,150060000
Germany,Sierra Leone,2021,801,0,801,0,16020000
Germany,Singapore,2021,7,0,7,0,140000
Germany,Slovakia,2021,74,0,74,0,1480000
Germany,Slovenia,2021,6,0,6,0,120000
Germany,Solomon Islands,2021,6,0,6,0,120000
Germany,Somalia,2021,29137,0,29137,0,582740000
Germany,South Africa,2021,22,0,22,0,440000
Germany,South Sudan,2021,108,0,108,0,2160000
Germany,Spain,2021,20,0,20,0,400000
Germany,Sri Lanka,2021,3617,0,3617,0,72340000
Germany,State of Palestine,2021,2043,0,2043,0,40860000
Germany,Stateless,2021,11255,0,11255,0,225100000
Germany,Sudan,2021,2942,0,2942,0,58840000
Germany,Sweden,2021,7,0,7,0,140000
Germany,Syrian Arab Rep.,2021,616325,0,616325,0,12326500000
Germany,Tajikistan,2021,1102,0,1102,0,22040000
Germany,Thailand,2021,25,0,25,0,500000
Germany,Togo,2021,988,0,988,0,19760000
Germany,Trinidad and Tobago,2021,7,0,7,0,140000
Germany,Tunisia,2021,252,0,252,0,5040000
Germany,Turkey,2021,34465,0,34465,0,689300000
Germany,Turkmenistan,2021,93,0,93,0,1860000
Germany,Uganda,2021,233,0,233,0,4660000
Germany,Ukraine,2021,900,0,900,0,18000000
Germany,United Arab Emirates,2021,38,0,38,0,760000
Germany,United Kingdom,2021,19,0,19,0,380000
Germany,United Rep. of Tanzania,2021,69,0,69,0,1380000
Germany,United States of America,2021,125,0,125,0,2500000
Germany,Unknown/other,2021,36050,0,36050,0,721000000
Germany,Uzbekistan,2021,150,0,150,0,3000000
Germany,Venezuela (Bolivarian Republic of),2021,965,0,965,0,19300000
Germany,Viet Nam,2021,1110,0,1110,0,22200000
Germany,Yemen,2021,3200,0,3200,0,64000000
Germany,Zambia,2021,5,0,5,0,100000
Germany,Zimbabwe,2021,301,0,301,0,6020000
Ghana,Benin,2021,7,7,7,7,140000
Ghana,Burundi,2021,14,14,14,14,280000
Ghana,Cameroon,2021,263,263,263,263,5260000
Ghana,Central African Rep.,2021,149,149,149,149,2980000
Ghana,Chad,2021,34,34,34,34,680000
Ghana,"Congo, Republic of",2021,7,7,7,7,140000
Ghana,Côte d'Ivoire,2021,6398,6398,6398,6398,127960000
Ghana,Dem. Rep. of the Congo,2021,59,59,59,59,1180000
Ghana,Eritrea,2021,101,101,101,101,2020000
Ghana,Ethiopia,2021,8,8,8,8,160000
Ghana,Iraq,2021,12,12,12,12,240000
Ghana,Lebanon,2021,8,8,8,8,160000
Ghana,Liberia,2021,681,681,681,681,13620000
Ghana,Libya,2021,7,7,7,7,140000
Ghana,Nigeria,2021,9,9,9,9,180000
Ghana,Pakistan,2021,60,60,60,60,1200000
Ghana,Rwanda,2021,31,31,31,31,620000
Ghana,Sierra Leone,2021,88,88,88,88,1760000
Ghana,Somalia,2021,68,68,68,68,1360000
Ghana,South Sudan,2021,7,7,7,7,140000
Ghana,State of Palestine,2021,18,18,18,18,360000
Ghana,Sudan,2021,582,582,582,582,11640000
Ghana,Syrian Arab Rep.,2021,229,229,229,229,4580000
Ghana,Togo,2021,3466,3466,3466,3466,69320000
Ghana,Turkey,2021,52,52,52,52,1040000
Ghana,Uganda,2021,10,10,10,10,200000
Ghana,Uzbekistan,2021,9,9,9,9,180000
Ghana,Yemen,2021,11,11,11,11,220000
Liechtenstein,Afghanistan,2021,5,0,5,0,100000
Greece,Albania,2021,177,0,177,0,3540000
Greece,Algeria,2021,121,0,121,0,2420000
Greece,Angola,2021,15,0,15,0,300000
Greece,Armenia,2021,12,0,12,0,240000
Greece,Azerbaijan,2021,5,0,5,0,100000
Greece,Bangladesh,2021,325,0,325,0,6500000
Greece,Belarus,2021,5,0,5,0,100000
Greece,Burkina Faso,2021,38,0,38,0,760000
Greece,Burundi,2021,65,0,65,0,1300000
Greece,Cameroon,2021,820,0,820,0,16400000
Greece,Central African Rep.,2021,17,0,17,0,340000
Greece,Chad,2021,9,0,9,0,180000
Greece,China,2021,114,0,114,0,2280000
Greece,Comoros,2021,7,0,7,0,140000
Greece,"Congo, Republic of",2021,159,0,159,0,3180000
Greece,Côte d'Ivoire,2021,98,0,98,0,1960000
Greece,Dem. Rep. of the Congo,2021,1733,0,1733,0,34660000
Greece,Djibouti,2021,10,0,10,0,200000
Greece,Dominican Rep.,2021,10,0,10,0,200000
Greece,Egypt,2021,406,0,406,0,8120000
Greece,El Salvador,2021,12,0,12,0,240000
Greece,Equatorial Guinea,2021,5,0,5,0,100000
Greece,Eritrea,2021,1284,0,1284,0,25680000
Greece,Ethiopia,2021,495,0,495,0,9900000
Greece,Gabon,2021,5,0,5,0,100000
Greece,Gambia,2021,75,0,75,0,1500000
Greece,Georgia,2021,266,0,266,0,5320000
Greece,Ghana,2021,84,0,84,0,1680000
Greece,Guinea,2021,176,0,176,0,3520000
Greece,Haiti,2021,30,0,30,0,600000
Greece,India,2021,39,0,39,0,780000
Greece,Indonesia,2021,14,0,14,0,280000
Greece,Iran (Islamic Rep. of),2021,2700,0,2700,0,54000000
Greece,Iraq,2021,12657,0,12657,0,253140000
Greece,Jordan,2021,43,0,43,0,860000
Greece,Kazakhstan,2021,5,0,5,0,100000
Greece,Kenya,2021,30,0,30,0,600000
Greece,Kuwait,2021,135,0,135,0,2700000
Greece,Lebanon,2021,79,0,79,0,1580000
Greece,Liberia,2021,5,0,5,0,100000
Greece,Libya,2021,64,0,64,0,1280000
Greece,Mali,2021,119,0,119,0,2380000
Greece,Mauritania,2021,66,0,66,0,1320000
Greece,Morocco,2021,213,0,213,0,4260000
Greece,Myanmar,2021,96,0,96,0,1920000
Greece,Nepal,2021,24,0,24,0,480000
Greece,Niger,2021,18,0,18,0,360000
Greece,Nigeria,2021,354,0,354,0,7080000
Greece,Pakistan,2021,1218,0,1218,0,24360000
Greece,Philippines,2021,7,0,7,0,140000
Greece,Rep. of Moldova,2021,13,0,13,0,260000
Greece,Russian Federation,2021,21,0,21,0,420000
Greece,Rwanda,2021,10,0,10,0,200000
Greece,Saudi Arabia,2021,8,0,8,0,160000
Greece,Senegal,2021,61,0,61,0,1220000
Greece,Serbia and Kosovo: S/RES/1244 (1999),2021,23,0,23,0,460000
Greece,Sierra Leone,2021,157,0,157,0,3140000
Greece,Somalia,2021,3866,0,3866,0,77320000
Greece,South Sudan,2021,48,0,48,0,960000
Greece,Sri Lanka,2021,54,0,54,0,1080000
Greece,State of Palestine,2021,5002,0,5002,0,100040000
Greece,Stateless,2021,744,0,744,0,14880000
Greece,Sudan,2021,531,0,531,0,10620000
Greece,Syrian Arab Rep.,2021,38496,0,38496,0,769920000
Greece,Tajikistan,2021,5,0,5,0,100000
Greece,Togo,2021,77,0,77,0,1540000
Greece,Tunisia,2021,25,0,25,0,500000
Greece,Turkey,2021,994,0,994,0,19880000
Greece,Turkmenistan,2021,7,0,7,0,140000
Greece,Uganda,2021,65,0,65,0,1300000
Greece,Ukraine,2021,161,0,161,0,3220000
Greece,United Rep. of Tanzania,2021,13,0,13,0,260000
Greece,Unknown/other,2021,11056,0,11056,0,221120000
Greece,Uzbekistan,2021,14,0,14,0,280000
Greece,Venezuela (Bolivarian Republic of),2021,14,0,14,0,280000
Greece,Viet Nam,2021,5,0,5,0,100000
Greece,Western Sahara,2021,10,0,10,0,200000
Greece,Yemen,2021,877,0,877,0,17540000
Greece,Zimbabwe,2021,13,0,13,0,260000
Guatemala,Colombia,2021,10,10,10,10,200000
Guatemala,Cuba,2021,8,8,8,8,160000
Guatemala,El Salvador,2021,271,271,271,271,5420000
Guatemala,Honduras,2021,72,72,72,72,1440000
Guatemala,Nicaragua,2021,69,69,69,69,1380000
Guatemala,Russian Federation,2021,5,5,5,5,100000
Guatemala,Venezuela (Bolivarian Republic of),2021,36,36,36,36,720000
Guinea,Burundi,2021,6,0,6,0,120000
Guinea,Cameroon,2021,5,0,5,0,100000
Guinea,Central African Rep.,2021,33,0,33,0,660000
Guinea,"Congo, Republic of",2021,5,0,5,0,100000
Guinea,Côte d'Ivoire,2021,4116,29,4116,29,82320000
Guinea,Dem. Rep. of the Congo,2021,42,0,42,0,840000
Guinea,Eritrea,2021,9,0,9,0,180000
Guinea,Gambia,2021,5,0,5,0,100000
Guinea,Liberia,2021,297,0,297,0,5940000
Guinea,Mali,2021,7,0,7,0,140000
Guinea,Nigeria,2021,10,0,10,0,200000
Guinea,Rwanda,2021,9,0,9,0,180000
Guinea,Sierra Leone,2021,1661,0,1661,0,33220000
Guinea,Somalia,2021,6,0,6,0,120000
Guinea,Sri Lanka,2021,9,0,9,0,180000
Guinea,Syrian Arab Rep.,2021,12,0,12,0,240000
Guinea,Togo,2021,7,0,7,0,140000
Guinea-Bissau,Burundi,2021,5,5,5,5,100000
Guinea-Bissau,Côte d'Ivoire,2021,6,6,6,6,120000
Guinea-Bissau,Liberia,2021,7,7,7,7,140000
Guinea-Bissau,Senegal,2021,1818,1818,1818,1818,36360000
Guinea-Bissau,Sierra Leone,2021,10,10,10,10,200000
Guyana,Cuba,2021,18,0,18,0,360000
Guyana,Pakistan,2021,5,0,5,0,100000
Honduras,El Salvador,2021,22,0,22,0,440000
Honduras,Nicaragua,2021,94,54,94,54,1880000
Honduras,Venezuela (Bolivarian Republic of),2021,8,0,8,0,160000
Lithuania,Afghanistan,2021,230,0,230,0,4600000
Hungary,Albania,2021,5,0,5,0,100000
Hungary,Algeria,2021,14,0,14,0,280000
Hungary,Angola,2021,5,0,5,0,100000
Hungary,Armenia,2021,39,0,39,0,780000
Hungary,Azerbaijan,2021,13,0,13,0,260000
Hungary,Bangladesh,2021,11,0,11,0,220000
Hungary,Cameroon,2021,41,0,41,0,820000
Hungary,China,2021,5,0,5,0,100000
Hungary,"Congo, Republic of",2021,13,0,13,0,260000
Hungary,Côte d'Ivoire,2021,15,0,15,0,300000
Hungary,Cuba,2021,76,0,76,0,1520000
Hungary,Dem. Rep. of the Congo,2021,24,0,24,0,480000
Hungary,Egypt,2021,11,0,11,0,220000
Hungary,Eritrea,2021,47,0,47,0,940000
Hungary,Ethiopia,2021,39,0,39,0,780000
Hungary,Georgia,2021,59,0,59,0,1180000
Hungary,Ghana,2021,5,0,5,0,100000
Hungary,Guinea,2021,5,0,5,0,100000
Hungary,Iran (Islamic Rep. of),2021,187,0,187,0,3740000
Hungary,Iraq,2021,612,0,612,0,12240000
Hungary,Lebanon,2021,5,0,5,0,100000
Hungary,Libya,2021,7,0,7,0,140000
Hungary,Nepal,2021,11,0,11,0,220000
Hungary,Nigeria,2021,50,0,50,0,1000000
Hungary,Pakistan,2021,95,0,95,0,1900000
Hungary,Rep. of Moldova,2021,5,0,5,0,100000
Hungary,Russian Federation,2021,36,0,36,0,720000
Hungary,Serbia and Kosovo: S/RES/1244 (1999),2021,46,0,46,0,920000
Hungary,Sierra Leone,2021,5,0,5,0,100000
Hungary,Somalia,2021,610,0,610,0,12200000
Hungary,Sri Lanka,2021,11,0,11,0,220000
Hungary,State of Palestine,2021,88,0,88,0,1760000
Hungary,Stateless,2021,66,0,66,0,1320000
Hungary,Sudan,2021,65,0,65,0,1300000
Hungary,Syrian Arab Rep.,2021,896,0,896,0,17920000
Hungary,Tunisia,2021,8,0,8,0,160000
Hungary,Turkey,2021,33,0,33,0,660000
Hungary,Uganda,2021,7,0,7,0,140000
Hungary,Ukraine,2021,14,0,14,0,280000
Hungary,Unknown/other,2021,944,305,944,305,18880000
Hungary,Uzbekistan,2021,6,0,6,0,120000
Hungary,Yemen,2021,16,0,16,0,320000
Hungary,Zimbabwe,2021,5,0,5,0,100000
Luxembourg,Afghanistan,2021,317,0,317,0,6340000
Iceland,Albania,2021,5,0,5,0,100000
Iceland,Azerbaijan,2021,5,0,5,0,100000
Iceland,Bangladesh,2021,5,0,5,0,100000
Iceland,Cameroon,2021,5,0,5,0,100000
Iceland,Chad,2021,5,0,5,0,100000
Iceland,China,2021,5,0,5,0,100000
Iceland,Côte d'Ivoire,2021,5,0,5,0,100000
Iceland,Dem. Rep. of the Congo,2021,5,0,5,0,100000
Iceland,Egypt,2021,10,0,10,0,200000
Iceland,El Salvador,2021,18,0,18,0,360000
Iceland,Eritrea,2021,9,0,9,0,180000
Iceland,Georgia,2021,5,0,5,0,100000
Iceland,Honduras,2021,12,0,12,0,240000
Iceland,Iran (Islamic Rep. of),2021,92,0,92,0,1840000
Iceland,Iraq,2021,303,0,303,0,6060000
Iceland,Kazakhstan,2021,5,0,5,0,100000
Iceland,Kenya,2021,5,0,5,0,100000
Iceland,Libya,2021,13,0,13,0,260000
Iceland,Mali,2021,5,0,5,0,100000
Iceland,Morocco,2021,8,0,8,0,160000
Iceland,Mozambique,2021,5,0,5,0,100000
Iceland,Nigeria,2021,65,0,65,0,1300000
Iceland,North Macedonia,2021,5,0,5,0,100000
Iceland,Pakistan,2021,22,0,22,0,440000
Iceland,Peru,2021,5,0,5,0,100000
Iceland,Russian Federation,2021,19,0,19,0,380000
Iceland,Senegal,2021,5,0,5,0,100000
Iceland,Somalia,2021,86,0,86,0,1720000
Iceland,South Sudan,2021,5,0,5,0,100000
Iceland,Sri Lanka,2021,5,0,5,0,100000
Iceland,State of Palestine,2021,97,0,97,0,1940000
Iceland,Stateless,2021,20,0,20,0,400000
Iceland,Sudan,2021,7,0,7,0,140000
Iceland,Syrian Arab Rep.,2021,169,0,169,0,3380000
Iceland,Tajikistan,2021,5,0,5,0,100000
Iceland,Tunisia,2021,5,0,5,0,100000
Iceland,Turkey,2021,10,0,10,0,200000
Iceland,Uganda,2021,15,0,15,0,300000
Iceland,Ukraine,2021,19,0,19,0,380000
Iceland,Unknown/other,2021,12,0,12,0,240000
Iceland,Venezuela (Bolivarian Republic of),2021,294,0,294,0,5880000
Iceland,Yemen,2021,11,0,11,0,220000
Mexico,Afghanistan,2021,5,0,5,0,100000
India,Bangladesh,2021,8,8,8,8,160000
India,China,2021,73407,5,73407,5,1468140000
India,"Congo, Republic of",2021,8,8,8,8,160000
India,Côte d'Ivoire,2021,5,5,5,5,100000
India,Dem. Rep. of the Congo,2021,48,48,48,48,960000
India,Eritrea,2021,13,13,13,13,260000
India,Ethiopia,2021,16,16,16,16,320000
India,Iran (Islamic Rep. of),2021,48,48,48,48,960000
India,Iraq,2021,153,153,153,153,3060000
India,Libya,2021,8,8,8,8,160000
India,Maldives,2021,5,5,5,5,100000
India,Myanmar,2021,20325,20325,20325,20325,406500000
India,Rwanda,2021,5,5,5,5,100000
India,Saudi Arabia,2021,5,5,5,5,100000
India,Somalia,2021,510,510,510,510,10200000
India,Sri Lanka,2021,92885,0,92885,0,1857700000
India,State of Palestine,2021,59,59,59,59,1180000
India,Sudan,2021,63,63,63,63,1260000
India,Syrian Arab Rep.,2021,71,71,71,71,1420000
India,Turkey,2021,5,5,5,5,100000
India,Venezuela (Bolivarian Republic of),2021,5,5,5,5,100000
India,Yemen,2021,5,5,5,5,100000
Netherlands,Afghanistan,2021,4980,0,4980,0,99600000
Indonesia,Angola,2021,7,0,7,0,140000
Indonesia,China,2021,11,0,11,0,220000
Indonesia,Dem. Rep. of the Congo,2021,10,0,10,0,200000
Indonesia,Egypt,2021,18,0,18,0,360000
Indonesia,Eritrea,2021,125,0,125,0,2500000
Indonesia,Ethiopia,2021,133,0,133,0,2660000
Indonesia,Iran (Islamic Rep. of),2021,307,0,307,0,6140000
Indonesia,Iraq,2021,510,0,510,0,10200000
Indonesia,Jordan,2021,5,0,5,0,100000
Indonesia,Kuwait,2021,9,0,9,0,180000
Indonesia,Libya,2021,15,0,15,0,300000
Indonesia,Myanmar,2021,476,0,476,0,9520000
Indonesia,Pakistan,2021,284,0,284,0,5680000
Indonesia,Russian Federation,2021,5,0,5,0,100000
Indonesia,Somalia,2021,1151,0,1151,0,23020000
Indonesia,Sri Lanka,2021,399,0,399,0,7980000
Indonesia,State of Palestine,2021,258,0,258,0,5160000
Indonesia,Sudan,2021,416,0,416,0,8320000
Indonesia,Syrian Arab Rep.,2021,24,0,24,0,480000
Indonesia,Uganda,2021,5,0,5,0,100000
Indonesia,Viet Nam,2021,20,0,20,0,400000
Indonesia,Yemen,2021,96,0,96,0,1920000
New Zealand,Afghanistan,2021,67,0,67,0,1340000
Iran (Islamic Rep. of),Iraq,2021,20000,20000,20000,20000,400000000
Iran (Islamic Rep. of),Kuwait,2021,8,8,8,8,160000
Iran (Islamic Rep. of),Pakistan,2021,10,10,10,10,200000
Iran (Islamic Rep. of),Uzbekistan,2021,7,7,7,7,140000
North Macedonia,Afghanistan,2021,6,0,6,0,120000
Iraq,Eritrea,2021,5,5,5,5,100000
Iraq,Iran (Islamic Rep. of),2021,4999,4999,4999,4999,99980000
Iraq,Somalia,2021,6,6,6,6,120000
Iraq,State of Palestine,2021,7881,7881,7881,7881,157620000
Iraq,Sudan,2021,89,89,89,89,1780000
Iraq,Syrian Arab Rep.,2021,245952,245952,245952,245952,4919040000
Iraq,Turkey,2021,13272,13272,13272,13272,265440000
Norway,Afghanistan,2021,3669,0,3669,0,73380000
Ireland,Albania,2021,199,0,199,0,3980000
Ireland,Algeria,2021,65,0,65,0,1300000
Ireland,Angola,2021,53,0,53,0,1060000
Ireland,Armenia,2021,14,0,14,0,280000
Ireland,Azerbaijan,2021,5,0,5,0,100000
Ireland,Bahrain,2021,6,0,6,0,120000
Ireland,Bangladesh,2021,98,0,98,0,1960000
Ireland,Belarus,2021,19,0,19,0,380000
Ireland,Benin,2021,5,0,5,0,100000
Ireland,Bhutan,2021,11,0,11,0,220000
Ireland,Bolivia (Plurinational State of),2021,24,0,24,0,480000
Ireland,Bosnia and Herzegovina,2021,5,0,5,0,100000
Ireland,Botswana,2021,12,0,12,0,240000
Ireland,Brazil,2021,20,0,20,0,400000
Ireland,Burundi,2021,28,0,28,0,560000
Ireland,Cameroon,2021,103,0,103,0,2060000
Ireland,Chad,2021,5,0,5,0,100000
Ireland,China,2021,70,0,70,0,1400000
Ireland,"Congo, Republic of",2021,14,0,14,0,280000
Ireland,Côte d'Ivoire,2021,17,0,17,0,340000
Ireland,Cuba,2021,5,0,5,0,100000
Ireland,Dem. People's Rep. of Korea,2021,8,0,8,0,160000
Ireland,Dem. Rep. of the Congo,2021,459,0,459,0,9180000
Ireland,Egypt,2021,45,0,45,0,900000
Ireland,El Salvador,2021,15,0,15,0,300000
Ireland,Eritrea,2021,87,5,87,5,1740000
Ireland,Eswatini,2021,19,0,19,0,380000
Ireland,Ethiopia,2021,37,0,37,0,740000
Ireland,Georgia,2021,146,0,146,0,2920000
Ireland,Ghana,2021,32,0,32,0,640000
Ireland,Guatemala,2021,5,0,5,0,100000
Ireland,Guinea,2021,19,0,19,0,380000
Ireland,India,2021,15,0,15,0,300000
Ireland,Indonesia,2021,5,0,5,0,100000
Ireland,Iran (Islamic Rep. of),2021,161,0,161,0,3220000
Ireland,Iraq,2021,426,0,426,0,8520000
Ireland,Israel,2021,12,0,12,0,240000
Ireland,Jordan,2021,6,0,6,0,120000
Ireland,Kazakhstan,2021,18,0,18,0,360000
Ireland,Kenya,2021,49,0,49,0,980000
Ireland,Kuwait,2021,52,0,52,0,1040000
Ireland,Kyrgyzstan,2021,5,0,5,0,100000
Ireland,Lebanon,2021,9,0,9,0,180000
Ireland,Liberia,2021,13,0,13,0,260000
Ireland,Libya,2021,249,0,249,0,4980000
Ireland,Malawi,2021,130,0,130,0,2600000
Ireland,Malaysia,2021,9,0,9,0,180000
Ireland,Mali,2021,7,0,7,0,140000
Ireland,Mauritius,2021,20,0,20,0,400000
Ireland,Mexico,2021,9,0,9,0,180000
Ireland,Mongolia,2021,8,0,8,0,160000
Ireland,Montenegro,2021,5,0,5,0,100000
Ireland,Morocco,2021,12,0,12,0,240000
Ireland,Mozambique,2021,5,0,5,0,100000
Ireland,Myanmar,2021,13,6,13,6,260000
Ireland,Nepal,2021,9,0,9,0,180000
Ireland,Nicaragua,2021,9,0,9,0,180000
Ireland,Niger,2021,5,0,5,0,100000
Ireland,Nigeria,2021,368,0,368,0,7360000
Ireland,Pakistan,2021,382,0,382,0,7640000
Ireland,Rep. of Moldova,2021,54,0,54,0,1080000
Ireland,Russian Federation,2021,82,0,82,0,1640000
Ireland,Rwanda,2021,39,0,39,0,780000
Ireland,Saudi Arabia,2021,16,0,16,0,320000
Ireland,Serbia and Kosovo: S/RES/1244 (1999),2021,61,0,61,0,1220000
Ireland,Sierra Leone,2021,57,0,57,0,1140000
Ireland,Somalia,2021,318,0,318,0,6360000
Ireland,South Africa,2021,136,0,136,0,2720000
Ireland,Sri Lanka,2021,24,0,24,0,480000
Ireland,State of Palestine,2021,138,0,138,0,2760000
Ireland,Stateless,2021,7,0,7,0,140000
Ireland,Sudan,2021,221,0,221,0,4420000
Ireland,Syrian Arab Rep.,2021,3195,16,3195,16,63900000
Ireland,Togo,2021,21,0,21,0,420000
Ireland,Tunisia,2021,7,0,7,0,140000
Ireland,Turkey,2021,18,0,18,0,360000
Ireland,Uganda,2021,41,0,41,0,820000
Ireland,Ukraine,2021,85,0,85,0,1700000
Ireland,Uzbekistan,2021,17,0,17,0,340000
Ireland,Venezuela (Bolivarian Republic of),2021,116,0,116,0,2320000
Ireland,Viet Nam,2021,7,0,7,0,140000
Ireland,Yemen,2021,20,0,20,0,400000
Ireland,Zambia,2021,5,0,5,0,100000
Ireland,Zimbabwe,2021,644,0,644,0,12880000
Israel,Belarus,2021,5,0,5,0,100000
Israel,Chad,2021,5,0,5,0,100000
Israel,Côte d'Ivoire,2021,7,0,7,0,140000
Israel,Dem. People's Rep. of Korea,2021,5,0,5,0,100000
Israel,Eritrea,2021,217,0,217,0,4340000
Israel,Ethiopia,2021,103,0,103,0,2060000
Israel,Georgia,2021,5,0,5,0,100000
Israel,Iran (Islamic Rep. of),2021,6,0,6,0,120000
Israel,Iraq,2021,10,0,10,0,200000
Israel,Nigeria,2021,8,0,8,0,160000
Israel,Russian Federation,2021,5,0,5,0,100000
Israel,Sierra Leone,2021,5,0,5,0,100000
Israel,South Sudan,2021,72,0,72,0,1440000
Israel,Sudan,2021,1166,0,1166,0,23320000
Israel,Turkey,2021,5,0,5,0,100000
Israel,Ukraine,2021,27,0,27,0,540000
Israel,Unknown/other,2021,209,0,209,0,4180000
Philippines,Afghanistan,2021,9,0,9,0,180000
Italy,Albania,2021,693,0,693,0,13860000
Italy,Algeria,2021,10,0,10,0,200000
Italy,Angola,2021,5,0,5,0,100000
Italy,Argentina,2021,5,0,5,0,100000
Italy,Armenia,2021,213,0,213,0,4260000
Italy,Bangladesh,2021,4621,0,4621,0,92420000
Italy,Belarus,2021,8,0,8,0,160000
Italy,Benin,2021,158,0,158,0,3160000
Italy,Bolivia (Plurinational State of),2021,5,0,5,0,100000
Italy,Bosnia and Herzegovina,2021,29,0,29,0,580000
Italy,Brazil,2021,251,0,251,0,5020000
Italy,Burkina Faso,2021,707,0,707,0,14140000
Italy,Burundi,2021,5,0,5,0,100000
Italy,Cameroon,2021,1602,0,1602,0,32040000
Italy,Chile,2021,7,0,7,0,140000
Italy,China,2021,418,0,418,0,8360000
Italy,Colombia,2021,793,0,793,0,15860000
Italy,"Congo, Republic of",2021,318,0,318,0,6360000
Italy,Côte d'Ivoire,2021,4125,0,4125,0,82500000
Italy,Cuba,2021,20,0,20,0,400000
Italy,Dem. Rep. of the Congo,2021,705,0,705,0,14100000
Italy,Dominican Rep.,2021,5,0,5,0,100000
Italy,Ecuador,2021,5,0,5,0,100000
Italy,Egypt,2021,810,0,810,0,16200000
Italy,El Salvador,2021,3296,0,3296,0,65920000
Italy,Eritrea,2021,3370,0,3370,0,67400000
Italy,Ethiopia,2021,998,0,998,0,19960000
Italy,Gambia,2021,5845,0,5845,0,116900000
Italy,Georgia,2021,461,0,461,0,9220000
Italy,Ghana,2021,2589,0,2589,0,51780000
Italy,Guatemala,2021,9,0,9,0,180000
Italy,Guinea,2021,2375,0,2375,0,47500000
Italy,Guinea-Bissau,2021,447,0,447,0,8940000
Italy,Honduras,2021,398,0,398,0,7960000
Italy,India,2021,231,0,231,0,4620000
Italy,Iran (Islamic Rep. of),2021,1311,0,1311,0,26220000
Italy,Iraq,2021,5079,0,5079,0,101580000
Italy,Jordan,2021,5,0,5,0,100000
Italy,Kenya,2021,8,0,8,0,160000
Italy,Lebanon,2021,5,0,5,0,100000
Italy,Liberia,2021,329,0,329,0,6580000
Italy,Libya,2021,1114,0,1114,0,22280000
Italy,Mali,2021,10609,0,10609,0,212180000
Italy,Mauritania,2021,277,0,277,0,5540000
Italy,Morocco,2021,779,0,779,0,15580000
Italy,Nepal,2021,8,0,8,0,160000
Italy,Nicaragua,2021,5,0,5,0,100000
Italy,Niger,2021,467,0,467,0,9340000
Italy,Nigeria,2021,19441,0,19441,0,388820000
Italy,North Macedonia,2021,6,0,6,0,120000
Italy,Pakistan,2021,15337,0,15337,0,306740000
Italy,Peru,2021,467,0,467,0,9340000
Italy,Philippines,2021,7,0,7,0,140000
Italy,Rep. of Moldova,2021,13,0,13,0,260000
Italy,Russian Federation,2021,226,0,226,0,4520000
Italy,Senegal,2021,4414,0,4414,0,88280000
Italy,Serbia and Kosovo: S/RES/1244 (1999),2021,1284,0,1284,0,25680000
Italy,Sierra Leone,2021,436,0,436,0,8720000
Italy,Somalia,2021,7901,0,7901,0,158020000
Italy,Sri Lanka,2021,344,0,344,0,6880000
Italy,State of Palestine,2021,684,0,684,0,13680000
Italy,Stateless,2021,20,0,20,0,400000
Italy,Sudan,2021,1252,0,1252,0,25040000
Italy,Syrian Arab Rep.,2021,3513,0,3513,0,70260000
Italy,Togo,2021,727,0,727,0,14540000
Italy,Tunisia,2021,287,0,287,0,5740000
Italy,Turkey,2021,1573,0,1573,0,31460000
Italy,Uganda,2021,5,0,5,0,100000
Italy,Ukraine,2021,3134,0,3134,0,62680000
Italy,United States of America,2021,5,0,5,0,100000
Italy,Unknown/other,2021,2342,0,2342,0,46840000
Italy,Venezuela (Bolivarian Republic of),2021,2586,0,2586,0,51720000
Jamaica,Haiti,2021,27,0,27,0,540000
Poland,Afghanistan,2021,99,0,99,0,1980000
Japan,Bangladesh,2021,18,0,18,0,360000
Japan,Burundi,2021,9,0,9,0,180000
Japan,Cameroon,2021,17,0,17,0,340000
Japan,China,2021,55,0,55,0,1100000
Japan,Dem. Rep. of the Congo,2021,23,0,23,0,460000
Japan,Ethiopia,2021,27,0,27,0,540000
Japan,Guinea,2021,5,0,5,0,100000
Japan,Iran (Islamic Rep. of),2021,14,0,14,0,280000
Japan,Iraq,2021,15,0,15,0,300000
Japan,Myanmar,2021,285,0,285,0,5700000
Japan,Nigeria,2021,5,0,5,0,100000
Japan,Pakistan,2021,33,0,33,0,660000
Japan,Rwanda,2021,5,0,5,0,100000
Japan,Somalia,2021,5,0,5,0,100000
Japan,Sri Lanka,2021,54,0,54,0,1080000
Japan,Stateless,2021,11,0,11,0,220000
Japan,Sudan,2021,16,0,16,0,320000
Japan,Syrian Arab Rep.,2021,73,0,73,0,1460000
Japan,Turkey,2021,46,0,46,0,920000
Japan,Uganda,2021,5,0,5,0,100000
Japan,Unknown/other,2021,327,0,327,0,6540000
Japan,Yemen,2021,11,0,11,0,220000
Portugal,Afghanistan,2021,24,0,24,0,480000
Jordan,Bosnia and Herzegovina,2021,9,9,9,9,180000
Jordan,Central African Rep.,2021,7,7,7,7,140000
Jordan,Chad,2021,11,11,11,11,220000
Jordan,Egypt,2021,126,126,126,126,2520000
Jordan,Eritrea,2021,38,38,38,38,760000
Jordan,Ethiopia,2021,16,16,16,16,320000
Jordan,Iran (Islamic Rep. of),2021,5,5,5,5,100000
Jordan,Iraq,2021,34350,34350,34350,34350,687000000
Jordan,Kenya,2021,5,5,5,5,100000
Jordan,Lebanon,2021,5,5,5,5,100000
Jordan,Libya,2021,47,47,47,47,940000
Jordan,Nigeria,2021,5,5,5,5,100000
Jordan,Pakistan,2021,5,5,5,5,100000
Jordan,Russian Federation,2021,24,24,24,24,480000
Jordan,Somalia,2021,638,638,638,638,12760000
Jordan,South Sudan,2021,11,11,11,11,220000
Jordan,Sri Lanka,2021,8,8,8,8,160000
Jordan,Sudan,2021,3712,3712,3712,3712,74240000
Jordan,Syrian Arab Rep.,2021,668332,668332,668332,668332,13366640000
Jordan,Tunisia,2021,11,11,11,11,220000
Jordan,Yemen,2021,935,935,935,935,18700000
Rep. of Korea,Afghanistan,2021,42,0,42,0,840000
Kazakhstan,China,2021,5,5,5,5,100000
Kazakhstan,Syrian Arab Rep.,2021,14,14,14,14,280000
Kazakhstan,Uzbekistan,2021,10,10,10,10,200000
Slovakia,Afghanistan,2021,301,0,301,0,6020000
Kenya,Burundi,2021,7096,7096,7096,7096,141920000
Kenya,"Congo, Republic of",2021,92,92,92,92,1840000
Kenya,Dem. Rep. of the Congo,2021,30149,30149,30149,30149,602980000
Kenya,Eritrea,2021,896,896,896,896,17920000
Kenya,Ethiopia,2021,20590,20590,20590,20590,411800000
Kenya,Iraq,2021,5,5,5,5,100000
Kenya,Mozambique,2021,8,8,8,8,160000
Kenya,Nigeria,2021,6,6,6,6,120000
Kenya,Pakistan,2021,9,9,9,9,180000
Kenya,Rwanda,2021,761,761,761,761,15220000
Kenya,Somalia,2021,270136,270136,270136,270136,5402720000
Kenya,South Sudan,2021,131201,131201,131201,131201,2624020000
Kenya,Sri Lanka,2021,9,9,9,9,180000
Kenya,Sudan,2021,4242,4242,4242,4242,84840000
Kenya,Syrian Arab Rep.,2021,5,5,5,5,100000
Kenya,Turkey,2021,118,118,118,118,2360000
Kenya,Uganda,2021,849,849,849,849,16980000
Kenya,United Rep. of Tanzania,2021,10,10,10,10,200000
Kenya,Yemen,2021,86,86,86,86,1720000
Kenya,Zimbabwe,2021,5,5,5,5,100000
Kuwait,Egypt,2021,6,0,6,0,120000
Kuwait,Eritrea,2021,5,0,5,0,100000
Kuwait,Iran (Islamic Rep. of),2021,9,0,9,0,180000
Kuwait,Iraq,2021,342,0,342,0,6840000
Kuwait,Somalia,2021,215,0,215,0,4300000
Kuwait,Syrian Arab Rep.,2021,153,0,153,0,3060000
Kuwait,Yemen,2021,10,0,10,0,200000
Slovenia,Afghanistan,2021,59,0,59,0,1180000
Kyrgyzstan,Iraq,2021,6,0,6,0,120000
Kyrgyzstan,Syrian Arab Rep.,2021,84,0,84,0,1680000
Kyrgyzstan,Tajikistan,2021,5,0,5,0,100000
Kyrgyzstan,Turkmenistan,2021,5,0,5,0,100000
Kyrgyzstan,Ukraine,2021,18,0,18,0,360000
South Africa,Afghanistan,2021,5,0,5,0,100000
Latvia,Azerbaijan,2021,12,0,12,0,240000
Latvia,Belarus,2021,49,0,49,0,980000
Latvia,China,2021,5,0,5,0,100000
Latvia,Egypt,2021,5,0,5,0,100000
Latvia,Eritrea,2021,33,0,33,0,660000
Latvia,Iran (Islamic Rep. of),2021,20,0,20,0,400000
Latvia,Iraq,2021,39,0,39,0,780000
Latvia,Kazakhstan,2021,5,0,5,0,100000
Latvia,Kyrgyzstan,2021,5,0,5,0,100000
Latvia,Lebanon,2021,5,0,5,0,100000
Latvia,Russian Federation,2021,61,0,61,0,1220000
Latvia,Somalia,2021,5,0,5,0,100000
Latvia,Sri Lanka,2021,5,0,5,0,100000
Latvia,State of Palestine,2021,6,0,6,0,120000
Latvia,Syrian Arab Rep.,2021,312,0,312,0,6240000
Latvia,Tajikistan,2021,5,0,5,0,100000
Latvia,Turkey,2021,30,0,30,0,600000
Latvia,Uzbekistan,2021,14,0,14,0,280000
Spain,Afghanistan,2021,495,0,495,0,9900000
Lebanon,Algeria,2021,6,0,6,0,120000
Lebanon,Bahrain,2021,15,0,15,0,300000
Lebanon,Egypt,2021,93,0,93,0,1860000
Lebanon,Eritrea,2021,16,0,16,0,320000
Lebanon,Ethiopia,2021,37,0,37,0,740000
Lebanon,Iran (Islamic Rep. of),2021,35,0,35,0,700000
Lebanon,Iraq,2021,3966,5,3966,5,79320000
Lebanon,Jordan,2021,31,0,31,0,620000
Lebanon,Kuwait,2021,9,0,9,0,180000
Lebanon,Libya,2021,9,0,9,0,180000
Lebanon,Pakistan,2021,6,0,6,0,120000
Lebanon,Saudi Arabia,2021,12,0,12,0,240000
Lebanon,Somalia,2021,14,0,14,0,280000
Lebanon,South Sudan,2021,37,0,37,0,740000
Lebanon,Sudan,2021,693,0,693,0,13860000
Lebanon,Syrian Arab Rep.,2021,851718,2235,851718,2235,17034360000
Lebanon,Tunisia,2021,11,0,11,0,220000
Lebanon,Turkey,2021,7,0,7,0,140000
Lebanon,Yemen,2021,30,0,30,0,600000
Lesotho,Dem. Rep. of the Congo,2021,204,0,204,0,4080000
Lesotho,Eritrea,2021,43,0,43,0,860000
Lesotho,Ethiopia,2021,24,0,24,0,480000
Lesotho,Somalia,2021,5,0,5,0,100000
Lesotho,Uganda,2021,9,0,9,0,180000
Lesotho,Zambia,2021,5,0,5,0,100000
Lesotho,Zimbabwe,2021,5,0,5,0,100000
Liberia,Cameroon,2021,5,5,5,5,100000
Liberia,Central African Rep.,2021,5,5,5,5,100000
Liberia,Côte d'Ivoire,2021,8327,8327,8327,8327,166540000
Liberia,Dem. Rep. of the Congo,2021,23,23,23,23,460000
Liberia,Mali,2021,19,19,19,19,380000
Liberia,Pakistan,2021,5,5,5,5,100000
Liberia,Somalia,2021,5,5,5,5,100000
Liberia,South Sudan,2021,5,5,5,5,100000
Liberia,Sudan,2021,9,9,9,9,180000
Liberia,Syrian Arab Rep.,2021,17,17,17,17,340000
Liberia,Togo,2021,5,5,5,5,100000
Liberia,Turkey,2021,16,16,16,16,320000
Libya,Eritrea,2021,518,0,518,0,10360000
Libya,Ethiopia,2021,30,0,30,0,600000
Libya,Iraq,2021,565,0,565,0,11300000
Libya,Rwanda,2021,5,0,5,0,100000
Libya,Somalia,2021,44,0,44,0,880000
Libya,South Sudan,2021,5,0,5,0,100000
Libya,State of Palestine,2021,683,0,683,0,13660000
Libya,Sudan,2021,1177,0,1177,0,23540000
Libya,Syrian Arab Rep.,2021,669,0,669,0,13380000
Libya,Yemen,2021,5,0,5,0,100000
Sweden,Afghanistan,2021,28744,0,28744,0,574880000
Liechtenstein,China,2021,35,0,35,0,700000
Liechtenstein,Eritrea,2021,12,0,12,0,240000
Liechtenstein,Iran (Islamic Rep. of),2021,10,0,10,0,200000
Liechtenstein,Iraq,2021,7,0,7,0,140000
Liechtenstein,Somalia,2021,25,0,25,0,500000
Liechtenstein,Syrian Arab Rep.,2021,32,0,32,0,640000
Liechtenstein,Ukraine,2021,5,0,5,0,100000
Switzerland,Afghanistan,2021,14649,0,14649,0,292980000
Lithuania,Azerbaijan,2021,17,0,17,0,340000
Lithuania,Belarus,2021,35,0,35,0,700000
Lithuania,Cameroon,2021,6,0,6,0,120000
Lithuania,Cuba,2021,5,0,5,0,100000
Lithuania,Eritrea,2021,40,0,40,0,800000
Lithuania,Ethiopia,2021,5,0,5,0,100000
Lithuania,Georgia,2021,5,0,5,0,100000
Lithuania,Iran (Islamic Rep. of),2021,13,0,13,0,260000
Lithuania,Iraq,2021,65,0,65,0,1300000
Lithuania,Nigeria,2021,5,0,5,0,100000
Lithuania,Pakistan,2021,5,0,5,0,100000
Lithuania,Russian Federation,2021,688,0,688,0,13760000
Lithuania,Somalia,2021,22,0,22,0,440000
Lithuania,Sri Lanka,2021,10,0,10,0,200000
Lithuania,Stateless,2021,37,0,37,0,740000
Lithuania,Syrian Arab Rep.,2021,463,0,463,0,9260000
Lithuania,Tajikistan,2021,85,0,85,0,1700000
Lithuania,Turkey,2021,63,0,63,0,1260000
Lithuania,Ukraine,2021,64,0,64,0,1280000
Lithuania,Uzbekistan,2021,17,0,17,0,340000
Turkey,Afghanistan,2021,4219,0,4219,0,84380000
Luxembourg,Albania,2021,38,0,38,0,760000
Luxembourg,Angola,2021,9,0,9,0,180000
Luxembourg,Armenia,2021,5,0,5,0,100000
Luxembourg,Azerbaijan,2021,13,0,13,0,260000
Luxembourg,Bhutan,2021,5,0,5,0,100000
Luxembourg,Bosnia and Herzegovina,2021,5,0,5,0,100000
Luxembourg,Burundi,2021,5,0,5,0,100000
Luxembourg,Cameroon,2021,17,0,17,0,340000
Luxembourg,China,2021,7,0,7,0,140000
Luxembourg,Côte d'Ivoire,2021,5,0,5,0,100000
Luxembourg,Dem. People's Rep. of Korea,2021,11,0,11,0,220000
Luxembourg,Dem. Rep. of the Congo,2021,43,0,43,0,860000
Luxembourg,Eritrea,2021,1044,0,1044,0,20880000
Luxembourg,Ethiopia,2021,58,0,58,0,1160000
Luxembourg,Gabon,2021,5,0,5,0,100000
Luxembourg,Gambia,2021,6,0,6,0,120000
Luxembourg,Guinea,2021,12,0,12,0,240000
Luxembourg,Iran (Islamic Rep. of),2021,196,0,196,0,3920000
Luxembourg,Iraq,2021,773,0,773,0,15460000
Luxembourg,Lebanon,2021,5,0,5,0,100000
Luxembourg,Libya,2021,5,0,5,0,100000
Luxembourg,Montenegro,2021,6,0,6,0,120000
Luxembourg,Nigeria,2021,9,0,9,0,180000
Luxembourg,Russian Federation,2021,17,0,17,0,340000
Luxembourg,Rwanda,2021,13,0,13,0,260000
Luxembourg,Senegal,2021,5,0,5,0,100000
Luxembourg,Serbia and Kosovo: S/RES/1244 (1999),2021,130,0,130,0,2600000
Luxembourg,Somalia,2021,47,0,47,0,940000
Luxembourg,Sri Lanka,2021,5,0,5,0,100000
Luxembourg,Stateless,2021,111,0,111,0,2220000
Luxembourg,Sudan,2021,46,0,46,0,920000
Luxembourg,Syrian Arab Rep.,2021,2069,0,2069,0,41380000
Luxembourg,Togo,2021,8,0,8,0,160000
Luxembourg,Turkey,2021,68,0,68,0,1360000
Luxembourg,Turkmenistan,2021,5,0,5,0,100000
Luxembourg,Uganda,2021,5,0,5,0,100000
Luxembourg,Ukraine,2021,5,0,5,0,100000
Luxembourg,Venezuela (Bolivarian Republic of),2021,5,0,5,0,100000
Luxembourg,Yemen,2021,20,0,20,0,400000
Turkmenistan,Afghanistan,2021,14,0,14,0,280000
Madagascar,Burundi,2021,5,5,5,5,100000
Madagascar,Comoros,2021,5,5,5,5,100000
Madagascar,Dem. Rep. of the Congo,2021,10,10,10,10,200000
Madagascar,Guinea,2021,5,5,5,5,100000
Madagascar,Pakistan,2021,90,90,90,90,1800000
Madagascar,Syrian Arab Rep.,2021,5,5,5,5,100000
Madagascar,Turkey,2021,5,5,5,5,100000
Madagascar,Yemen,2021,14,14,14,14,280000
Malawi,Burundi,2021,3070,3070,3070,3070,61400000
Malawi,Côte d'Ivoire,2021,5,5,5,5,100000
Malawi,Dem. Rep. of the Congo,2021,10849,10849,10849,10849,216980000
Malawi,Ethiopia,2021,9,9,9,9,180000
Malawi,Rwanda,2021,2356,2356,2356,2356,47120000
Malawi,Somalia,2021,60,60,60,60,1200000
Malawi,South Sudan,2021,5,5,5,5,100000
Malawi,Uganda,2021,5,5,5,5,100000
United Kingdom,Afghanistan,2021,9469,0,9469,0,189380000
Malaysia,Australia,2021,0,0,5,0,0
Malaysia,Bangladesh,2021,10,0,37,0,200000
Malaysia,Cambodia,2021,20,0,77,0,400000
Malaysia,Cameroon,2021,8,0,8,0,160000
Malaysia,Central African Rep.,2021,5,0,5,0,100000
Malaysia,China,2021,47,0,47,0,940000
Malaysia,Côte d'Ivoire,2021,5,0,5,0,100000
Malaysia,Dem. Rep. of the Congo,2021,5,0,5,0,100000
Malaysia,Egypt,2021,19,0,19,0,380000
Malaysia,Eritrea,2021,19,0,19,0,380000
Malaysia,Ethiopia,2021,12,0,12,0,240000
Malaysia,Guinea,2021,5,0,5,0,100000
Malaysia,India,2021,0,0,5,0,0
Malaysia,Indonesia,2021,32,0,994,0,640000
Malaysia,Iran (Islamic Rep. of),2021,265,0,265,0,5300000
Malaysia,Iraq,2021,420,0,420,0,8400000
Malaysia,Jordan,2021,0,0,5,0,0
Malaysia,Lebanon,2021,5,0,5,0,100000
Malaysia,Liberia,2021,20,0,20,0,400000
Malaysia,Libya,2021,11,0,11,0,220000
Malaysia,Mali,2021,5,0,5,0,100000
Malaysia,Morocco,2021,0,0,5,0,0
Malaysia,Myanmar,2021,120124,451,120124,451,2402480000
Malaysia,Nepal,2021,5,0,11,0,100000
Malaysia,Nigeria,2021,5,0,5,0,100000
Malaysia,Pakistan,2021,3259,5,3269,5,65180000
Malaysia,Philippines,2021,0,0,20,0,0
Malaysia,Russian Federation,2021,6,0,6,0,120000
Malaysia,Sierra Leone,2021,11,0,11,0,220000
Malaysia,Somalia,2021,2151,31,2151,31,43020000
Malaysia,South Sudan,2021,22,0,22,0,440000
Malaysia,Sri Lanka,2021,800,0,800,0,16000000
Malaysia,State of Palestine,2021,218,0,218,0,4360000
Malaysia,Sudan,2021,178,0,178,0,3560000
Malaysia,Syrian Arab Rep.,2021,424,0,424,0,8480000
Malaysia,Thailand,2021,5,0,27,0,100000
Malaysia,United Kingdom,2021,0,0,6,0,0
Malaysia,United States of America,2021,0,0,7,0,0
Malaysia,Viet Nam,2021,0,0,5,0,0
Malaysia,Yemen,2021,288,0,288,0,5760000
Malaysia,Zimbabwe,2021,5,0,5,0,100000
Mali,Burkina Faso,2021,12913,12913,12913,12913,258260000
Mali,Burundi,2021,12,12,12,12,240000
Mali,Cameroon,2021,5,5,5,5,100000
Mali,Central African Rep.,2021,972,972,972,972,19440000
Mali,"Congo, Republic of",2021,31,31,31,31,620000
Mali,Côte d'Ivoire,2021,533,533,533,533,10660000
Mali,Dem. Rep. of the Congo,2021,278,278,278,278,5560000
Mali,Eritrea,2021,5,5,5,5,100000
Mali,Liberia,2021,9,9,9,9,180000
Mali,Mauritania,2021,15106,15106,15106,15106,302120000
Mali,Niger,2021,16938,16938,16938,16938,338760000
Mali,Pakistan,2021,11,11,11,11,220000
Mali,Rwanda,2021,9,9,9,9,180000
Mali,Syrian Arab Rep.,2021,23,23,23,23,460000
Mali,Togo,2021,22,22,22,22,440000
Mali,Turkey,2021,18,18,18,18,360000
Malta,Bangladesh,2021,14,5,14,5,280000
Malta,Belarus,2021,9,0,9,0,180000
Malta,Burkina Faso,2021,5,0,5,0,100000
Malta,Cameroon,2021,10,0,10,0,200000
Malta,Chad,2021,9,0,9,0,180000
Malta,China,2021,17,0,17,0,340000
Malta,Côte d'Ivoire,2021,12,0,12,0,240000
Malta,Dem. Rep. of the Congo,2021,5,0,5,0,100000
Malta,Egypt,2021,75,0,75,0,1500000
Malta,Eritrea,2021,812,724,812,724,16240000
Malta,Ethiopia,2021,175,151,175,151,3500000
Malta,Gambia,2021,27,0,27,0,540000
Malta,Georgia,2021,5,0,5,0,100000
Malta,Ghana,2021,8,0,8,0,160000
Malta,Iran (Islamic Rep. of),2021,31,0,31,0,620000
Malta,Iraq,2021,81,5,81,5,1620000
Malta,Jordan,2021,5,0,5,0,100000
Malta,Liberia,2021,6,0,6,0,120000
Malta,Libya,2021,2851,2376,2851,2376,57020000
Malta,Mali,2021,20,0,20,0,400000
Malta,Morocco,2021,30,0,30,0,600000
Malta,Nigeria,2021,124,100,124,100,2480000
Malta,North Macedonia,2021,5,0,5,0,100000
Malta,Pakistan,2021,59,0,59,0,1180000
Malta,Russian Federation,2021,18,0,18,0,360000
Malta,Saudi Arabia,2021,5,0,5,0,100000
Malta,Senegal,2021,5,0,5,0,100000
Malta,Serbia and Kosovo: S/RES/1244 (1999),2021,7,0,7,0,140000
Malta,Sierra Leone,2021,5,0,5,0,100000
Malta,Somalia,2021,1785,1601,1785,1601,35700000
Malta,South Sudan,2021,22,0,22,0,440000
Malta,Sri Lanka,2021,7,0,7,0,140000
Malta,State of Palestine,2021,74,0,74,0,1480000
Malta,Sudan,2021,223,111,223,111,4460000
Malta,Syrian Arab Rep.,2021,1906,1570,1906,1570,38120000
Malta,Togo,2021,5,0,5,0,100000
Malta,Tunisia,2021,13,6,13,6,260000
Malta,Turkey,2021,7,0,7,0,140000
Malta,Ukraine,2021,141,5,141,5,2820000
Malta,Unknown/other,2021,626,500,626,500,12520000
Malta,Venezuela (Bolivarian Republic of),2021,6,0,6,0,120000
Malta,Yemen,2021,5,0,5,0,100000
Malta,Zimbabwe,2021,5,0,5,0,100000
Mauritania,Burkina Faso,2021,15,0,15,0,300000
Mauritania,Cameroon,2021,19,0,19,0,380000
Mauritania,Central African Rep.,2021,649,13,649,13,12980000
Mauritania,Chad,2021,5,0,5,0,100000
Mauritania,China,2021,5,0,5,0,100000
Mauritania,"Congo, Republic of",2021,8,0,8,0,160000
Mauritania,Côte d'Ivoire,2021,277,5,277,5,5540000
Mauritania,Dem. Rep. of the Congo,2021,31,0,31,0,620000
Mauritania,Ethiopia,2021,8,0,8,0,160000
Mauritania,Guinea,2021,11,0,11,0,220000
Mauritania,Iraq,2021,25,0,25,0,500000
Mauritania,Liberia,2021,7,0,7,0,140000
Mauritania,Libya,2021,8,0,8,0,160000
Mauritania,Mali,2021,71351,366,71351,366,1427020000
Mauritania,Nigeria,2021,13,0,13,0,260000
Mauritania,Senegal,2021,93,0,93,0,1860000
Mauritania,Somalia,2021,5,0,5,0,100000
Mauritania,State of Palestine,2021,79,0,79,0,1580000
Mauritania,Sudan,2021,13,0,13,0,260000
Mauritania,Syrian Arab Rep.,2021,368,0,368,0,7360000
Mauritania,Togo,2021,23,0,23,0,460000
Mauritania,Turkey,2021,5,0,5,0,100000
Mauritania,Western Sahara,2021,0,0,26000,0,0
Mauritania,Yemen,2021,38,0,38,0,760000
Mauritius,Dem. Rep. of the Congo,2021,10,0,10,0,200000
Mauritius,Pakistan,2021,5,0,5,0,100000
Mauritius,South Africa,2021,5,0,5,0,100000
Mexico,Albania,2021,8,0,8,0,160000
Mexico,Algeria,2021,5,0,5,0,100000
Mexico,Angola,2021,10,0,10,0,200000
Mexico,Argentina,2021,5,0,5,0,100000
Mexico,Bangladesh,2021,9,0,9,0,180000
Mexico,Belize,2021,12,10,12,10,240000
Mexico,Benin,2021,5,5,5,5,100000
Mexico,Brazil,2021,109,41,109,41,2180000
Mexico,Burkina Faso,2021,10,5,10,5,200000
Mexico,Cambodia,2021,24,0,24,0,480000
Mexico,Cameroon,2021,27,10,27,10,540000
Mexico,Chile,2021,320,131,320,131,6400000
Mexico,China,2021,5,0,5,0,100000
Mexico,Colombia,2021,473,60,473,60,9460000
Mexico,"Congo, Republic of",2021,23,6,23,6,460000
Mexico,Costa Rica,2021,23,11,23,11,460000
Mexico,Côte d'Ivoire,2021,6,0,6,0,120000
Mexico,Cuba,2021,2936,875,2936,875,58720000
Mexico,Dem. Rep. of the Congo,2021,73,8,73,8,1460000
Mexico,Dominican Rep.,2021,23,5,23,5,460000
Mexico,Ecuador,2021,30,13,30,13,600000
Mexico,Egypt,2021,5,0,5,0,100000
Mexico,El Salvador,2021,10662,2698,10662,2698,213240000
Mexico,Eritrea,2021,7,0,7,0,140000
Mexico,Ethiopia,2021,6,0,6,0,120000
Mexico,Ghana,2021,32,7,32,7,640000
Mexico,Guatemala,2021,2510,887,2510,887,50200000
Mexico,Guinea,2021,34,7,34,7,680000
Mexico,Haiti,2021,2342,864,2342,864,46840000
Mexico,Honduras,2021,22254,9566,22254,9566,445080000
Mexico,India,2021,13,0,13,0,260000
Mexico,Iran (Islamic Rep. of),2021,40,0,40,0,800000
Mexico,Iraq,2021,44,0,44,0,880000
Mexico,Jamaica,2021,6,0,6,0,120000
Mexico,Kyrgyzstan,2021,8,5,8,5,160000
Mexico,Mali,2021,5,0,5,0,100000
Mexico,Morocco,2021,5,0,5,0,100000
Mexico,Nicaragua,2021,1107,442,1107,442,22140000
Mexico,Nigeria,2021,44,6,44,6,880000
Mexico,Pakistan,2021,12,0,12,0,240000
Mexico,Panama,2021,47,41,47,41,940000
Mexico,Peru,2021,26,0,26,0,520000
Mexico,Portugal,2021,5,0,5,0,100000
Mexico,Romania,2021,7,0,7,0,140000
Mexico,Russian Federation,2021,44,0,44,0,880000
Mexico,Sierra Leone,2021,9,0,9,0,180000
Mexico,Somalia,2021,5,0,5,0,100000
Mexico,Sri Lanka,2021,20,0,20,0,400000
Mexico,State of Palestine,2021,5,0,5,0,100000
Mexico,Syrian Arab Rep.,2021,32,5,32,5,640000
Mexico,Togo,2021,16,5,16,5,320000
Mexico,Turkey,2021,9,0,9,0,180000
Mexico,Ukraine,2021,19,0,19,0,380000
Mexico,United States of America,2021,36,13,36,13,720000
Mexico,Uruguay,2021,5,0,5,0,100000
Mexico,Venezuela (Bolivarian Republic of),2021,14469,2530,14469,2530,289380000
Mexico,Yemen,2021,19,5,19,5,380000
Monaco,Unknown/other,2021,22,0,22,0,440000
Montenegro,Belarus,2021,5,5,5,5,100000
Montenegro,Bosnia and Herzegovina,2021,5,5,5,5,100000
Montenegro,Croatia,2021,5,5,5,5,100000
Montenegro,Ghana,2021,5,5,5,5,100000
Montenegro,Iran (Islamic Rep. of),2021,15,15,15,15,300000
Montenegro,Serbia and Kosovo: S/RES/1244 (1999),2021,130,130,130,130,2600000
Montenegro,Yemen,2021,7,7,7,7,140000
Uruguay,Afghanistan,2021,5,0,5,0,100000
Morocco,Algeria,2021,9,9,9,9,180000
Morocco,Burundi,2021,7,7,7,7,140000
Morocco,Cameroon,2021,165,165,165,165,3300000
Morocco,Central African Rep.,2021,590,590,590,590,11800000
Morocco,Chad,2021,5,5,5,5,100000
Morocco,"Congo, Republic of",2021,18,18,18,18,360000
Morocco,Côte d'Ivoire,2021,374,374,374,374,7480000
Morocco,Dem. Rep. of the Congo,2021,191,191,191,191,3820000
Morocco,Egypt,2021,5,5,5,5,100000
Morocco,Eritrea,2021,19,19,19,19,380000
Morocco,Guinea,2021,127,127,127,127,2540000
Morocco,Iraq,2021,128,128,128,128,2560000
Morocco,Lebanon,2021,5,5,5,5,100000
Morocco,Liberia,2021,7,7,7,7,140000
Morocco,Libya,2021,49,49,49,49,980000
Morocco,Mali,2021,49,49,49,49,980000
Morocco,Mauritania,2021,7,7,7,7,140000
Morocco,Nigeria,2021,25,25,25,25,500000
Morocco,Pakistan,2021,16,16,16,16,320000
Morocco,Senegal,2021,94,94,94,94,1880000
Morocco,Somalia,2021,18,18,18,18,360000
Morocco,South Sudan,2021,25,25,25,25,500000
Morocco,State of Palestine,2021,84,84,84,84,1680000
Morocco,Sudan,2021,22,22,22,22,440000
Morocco,Syrian Arab Rep.,2021,4857,4857,4857,4857,97140000
Morocco,Turkey,2021,5,5,5,5,100000
Morocco,Yemen,2021,14,14,14,14,280000
Mozambique,Angola,2021,5,5,5,5,100000
Mozambique,Burundi,2021,902,902,902,902,18040000
Mozambique,"Congo, Republic of",2021,16,16,16,16,320000
Mozambique,Dem. Rep. of the Congo,2021,2970,2970,2970,2970,59400000
Mozambique,Ethiopia,2021,8,8,8,8,160000
Mozambique,Rwanda,2021,698,698,698,698,13960000
Mozambique,Somalia,2021,159,159,159,159,3180000
Mozambique,Sudan,2021,5,5,5,5,100000
Mozambique,Uganda,2021,5,5,5,5,100000
Namibia,Burundi,2021,296,296,296,296,5920000
Namibia,Cameroon,2021,24,24,24,24,480000
Namibia,Central African Rep.,2021,5,5,5,5,100000
Namibia,"Congo, Republic of",2021,5,5,5,5,100000
Namibia,Dem. Rep. of the Congo,2021,3016,3016,3016,3016,60320000
Namibia,Kenya,2021,5,5,5,5,100000
Namibia,Rwanda,2021,121,121,121,121,2420000
Namibia,Somalia,2021,5,5,5,5,100000
Namibia,Sudan,2021,7,7,7,7,140000
Namibia,Uganda,2021,5,5,5,5,100000
Namibia,Zimbabwe,2021,48,48,48,48,960000
Uzbekistan,Afghanistan,2021,13,0,13,0,260000
Nauru,Bangladesh,2021,17,17,17,17,340000
Nauru,India,2021,7,7,7,7,140000
Nauru,Indonesia,2021,5,5,5,5,100000
Nauru,Iran (Islamic Rep. of),2021,516,516,516,516,10320000
Nauru,Iraq,2021,42,42,42,42,840000
Nauru,Kuwait,2021,5,5,5,5,100000
Nauru,Lebanon,2021,12,12,12,12,240000
Nauru,Malaysia,2021,5,5,5,5,100000
Nauru,Myanmar,2021,72,72,72,72,1440000
Nauru,Nepal,2021,10,10,10,10,200000
Nauru,Pakistan,2021,32,32,32,32,640000
Nauru,Somalia,2021,77,77,77,77,1540000
Nauru,Sri Lanka,2021,74,74,74,74,1480000
Nauru,Stateless,2021,59,59,59,59,1180000
Nauru,Sudan,2021,5,5,5,5,100000
Venezuela (Bolivarian Republic of),Afghanistan,2021,10,0,10,0,200000
Nepal,Bangladesh,2021,5,5,5,5,100000
Nepal,Bhutan,2021,6365,6365,6365,6365,127300000
Nepal,Iran (Islamic Rep. of),2021,9,9,9,9,180000
Nepal,Myanmar,2021,358,358,358,358,7160000
Nepal,Pakistan,2021,184,184,184,184,3680000
Nepal,Somalia,2021,20,20,20,20,400000
Nepal,Sri Lanka,2021,19,19,19,19,380000
Morocco,Afghanistan,2021,5,5,5,5,100000
Netherlands,Albania,2021,7,0,7,0,140000
Netherlands,Algeria,2021,17,0,17,0,340000
Netherlands,Angola,2021,23,0,23,0,460000
Netherlands,Argentina,2021,7,0,7,0,140000
Netherlands,Armenia,2021,172,0,172,0,3440000
Netherlands,Azerbaijan,2021,181,0,181,0,3620000
Netherlands,Bahrain,2021,11,0,11,0,220000
Netherlands,Bangladesh,2021,37,0,37,0,740000
Netherlands,Belarus,2021,33,0,33,0,660000
Netherlands,Bhutan,2021,69,0,69,0,1380000
Netherlands,Bosnia and Herzegovina,2021,8,0,8,0,160000
Netherlands,Burkina Faso,2021,13,0,13,0,260000
Netherlands,Burundi,2021,87,0,87,0,1740000
Netherlands,Cambodia,2021,6,0,6,0,120000
Netherlands,Cameroon,2021,71,0,71,0,1420000
Netherlands,Central African Rep.,2021,6,0,6,0,120000
Netherlands,Chad,2021,5,0,5,0,100000
Netherlands,China,2021,836,0,836,0,16720000
Netherlands,Colombia,2021,89,0,89,0,1780000
Netherlands,"Congo, Republic of",2021,265,0,265,0,5300000
Netherlands,Côte d'Ivoire,2021,157,0,157,0,3140000
Netherlands,Cuba,2021,41,0,41,0,820000
Netherlands,Dem. People's Rep. of Korea,2021,31,0,31,0,620000
Netherlands,Dem. Rep. of the Congo,2021,95,0,95,0,1900000
Netherlands,Ecuador,2021,5,0,5,0,100000
Netherlands,Egypt,2021,314,0,314,0,6280000
Netherlands,El Salvador,2021,38,0,38,0,760000
Netherlands,Eritrea,2021,14787,0,14787,0,295740000
Netherlands,Ethiopia,2021,383,0,383,0,7660000
Netherlands,Gambia,2021,42,0,42,0,840000
Netherlands,Georgia,2021,27,0,27,0,540000
Netherlands,Ghana,2021,6,0,6,0,120000
Netherlands,Guinea,2021,435,0,435,0,8700000
Netherlands,Guyana,2021,5,0,5,0,100000
Netherlands,Honduras,2021,6,0,6,0,120000
Netherlands,India,2021,6,0,6,0,120000
Netherlands,Indonesia,2021,5,0,5,0,100000
Netherlands,Iran (Islamic Rep. of),2021,5346,0,5346,0,106920000
Netherlands,Iraq,2021,6636,0,6636,0,132720000
Netherlands,Jamaica,2021,182,0,182,0,3640000
Netherlands,Jordan,2021,57,0,57,0,1140000
Netherlands,Kazakhstan,2021,45,0,45,0,900000
Netherlands,Kenya,2021,28,0,28,0,560000
Netherlands,Kuwait,2021,5,0,5,0,100000
Netherlands,Kyrgyzstan,2021,17,0,17,0,340000
Netherlands,Lebanon,2021,110,0,110,0,2200000
Netherlands,Liberia,2021,36,0,36,0,720000
Netherlands,Libya,2021,265,0,265,0,5300000
Netherlands,Malaysia,2021,5,0,5,0,100000
Netherlands,Mali,2021,15,0,15,0,300000
Netherlands,Mauritania,2021,5,0,5,0,100000
Netherlands,Mongolia,2021,30,0,30,0,600000
Netherlands,Morocco,2021,67,0,67,0,1340000
Netherlands,Myanmar,2021,269,0,269,0,5380000
Netherlands,Nepal,2021,125,0,125,0,2500000
Netherlands,Nicaragua,2021,39,0,39,0,780000
Netherlands,Niger,2021,5,0,5,0,100000
Netherlands,Nigeria,2021,315,0,315,0,6300000
Netherlands,Pakistan,2021,694,0,694,0,13880000
Netherlands,Peru,2021,8,0,8,0,160000
Netherlands,Philippines,2021,6,0,6,0,120000
Netherlands,Russian Federation,2021,427,0,427,0,8540000
Netherlands,Rwanda,2021,37,0,37,0,740000
Netherlands,Saudi Arabia,2021,29,0,29,0,580000
Netherlands,Senegal,2021,17,0,17,0,340000
Netherlands,Serbia and Kosovo: S/RES/1244 (1999),2021,20,0,20,0,400000
Netherlands,Sierra Leone,2021,324,0,324,0,6480000
Netherlands,Somalia,2021,8368,0,8368,0,167360000
Netherlands,Sri Lanka,2021,353,0,353,0,7060000
Netherlands,State of Palestine,2021,153,0,153,0,3060000
Netherlands,Stateless,2021,2494,0,2494,0,49880000
Netherlands,Sudan,2021,727,0,727,0,14540000
Netherlands,Syrian Arab Rep.,2021,37792,0,37792,0,755840000
Netherlands,Tajikistan,2021,29,0,29,0,580000
Netherlands,Togo,2021,16,0,16,0,320000
Netherlands,Trinidad and Tobago,2021,82,0,82,0,1640000
Netherlands,Tunisia,2021,24,0,24,0,480000
Netherlands,Turkey,2021,3786,0,3786,0,75720000
Netherlands,Turkmenistan,2021,8,0,8,0,160000
Netherlands,Uganda,2021,480,0,480,0,9600000
Netherlands,Ukraine,2021,26,0,26,0,520000
Netherlands,United Rep. of Tanzania,2021,8,0,8,0,160000
Netherlands,United States of America,2021,31,0,31,0,620000
Netherlands,Unknown/other,2021,3019,0,3019,0,60380000
Netherlands,Uzbekistan,2021,11,0,11,0,220000
Netherlands,Venezuela (Bolivarian Republic of),2021,86,0,86,0,1720000
Netherlands,Viet Nam,2021,11,0,11,0,220000
Netherlands,Yemen,2021,1609,0,1609,0,32180000
Netherlands,Zambia,2021,8,0,8,0,160000
Netherlands,Zimbabwe,2021,30,0,30,0,600000
Nigeria,Afghanistan,2021,5,5,5,5,100000
New Zealand,Bahrain,2021,18,0,18,0,360000
New Zealand,Bangladesh,2021,10,0,10,0,200000
New Zealand,Chile,2021,5,0,5,0,100000
New Zealand,China,2021,252,0,252,0,5040000
New Zealand,Colombia,2021,31,0,31,0,620000
New Zealand,Czechia,2021,15,0,15,0,300000
New Zealand,Dem. Rep. of the Congo,2021,5,0,5,0,100000
New Zealand,Egypt,2021,32,0,32,0,640000
New Zealand,Eritrea,2021,6,0,6,0,120000
New Zealand,Ethiopia,2021,10,0,10,0,200000
New Zealand,Fiji,2021,19,0,19,0,380000
New Zealand,Hungary,2021,8,0,8,0,160000
New Zealand,India,2021,13,0,13,0,260000
New Zealand,Indonesia,2021,6,0,6,0,120000
New Zealand,Iran (Islamic Rep. of),2021,117,0,117,0,2340000
New Zealand,Iraq,2021,61,0,61,0,1220000
New Zealand,Jordan,2021,8,0,8,0,160000
New Zealand,Kuwait,2021,5,0,5,0,100000
New Zealand,Libya,2021,21,0,21,0,420000
New Zealand,Malaysia,2021,16,0,16,0,320000
New Zealand,Maldives,2021,5,0,5,0,100000
New Zealand,Mongolia,2021,6,0,6,0,120000
New Zealand,Myanmar,2021,11,0,11,0,220000
New Zealand,Nepal,2021,5,0,5,0,100000
New Zealand,Pakistan,2021,55,0,55,0,1100000
New Zealand,Papua New Guinea,2021,5,0,5,0,100000
New Zealand,Philippines,2021,7,0,7,0,140000
New Zealand,Russian Federation,2021,32,0,32,0,640000
New Zealand,Saudi Arabia,2021,65,0,65,0,1300000
New Zealand,Somalia,2021,10,0,10,0,200000
New Zealand,South Africa,2021,7,0,7,0,140000
New Zealand,Sri Lanka,2021,45,0,45,0,900000
New Zealand,State of Palestine,2021,12,0,12,0,240000
New Zealand,Sudan,2021,6,0,6,0,120000
New Zealand,Syrian Arab Rep.,2021,72,0,72,0,1440000
New Zealand,Turkey,2021,56,0,56,0,1120000
New Zealand,Uganda,2021,5,0,5,0,100000
New Zealand,Unknown/other,2021,627,0,627,0,12540000
New Zealand,Viet Nam,2021,7,0,7,0,140000
New Zealand,Yemen,2021,8,0,8,0,160000
New Zealand,Zimbabwe,2021,14,0,14,0,280000
Nicaragua,Colombia,2021,6,0,6,0,120000
Nicaragua,Cuba,2021,14,0,14,0,280000
Nicaragua,El Salvador,2021,210,0,210,0,4200000
Nicaragua,Guatemala,2021,7,0,7,0,140000
Nicaragua,Honduras,2021,74,0,74,0,1480000
Niger,Cameroon,2021,31,31,31,31,620000
Niger,Central African Rep.,2021,142,142,142,142,2840000
Niger,Chad,2021,109,109,109,109,2180000
Niger,"Congo, Republic of",2021,5,5,5,5,100000
Niger,Côte d'Ivoire,2021,26,26,26,26,520000
Niger,Dem. Rep. of the Congo,2021,48,48,48,48,960000
Niger,Eritrea,2021,148,148,148,148,2960000
Niger,Ethiopia,2021,33,33,33,33,660000
Niger,Libya,2021,6,6,6,6,120000
Niger,Mali,2021,61211,61211,61211,61211,1224220000
Niger,Nigeria,2021,182731,182731,182731,182731,3654620000
Niger,Rwanda,2021,12,12,12,12,240000
Niger,Somalia,2021,88,88,88,88,1760000
Niger,South Sudan,2021,8,8,8,8,160000
Niger,Sudan,2021,832,832,832,832,16640000
Niger,Syrian Arab Rep.,2021,8,8,8,8,160000
Niger,Togo,2021,5,5,5,5,100000
Niger,Yemen,2021,6,6,6,6,120000
Panama,Afghanistan,2021,5,5,5,5,100000
Nigeria,Benin,2021,5,5,5,5,100000
Nigeria,Cameroon,2021,67458,67458,67458,67458,1349160000
Nigeria,Central African Rep.,2021,717,717,717,717,14340000
Nigeria,Chad,2021,87,87,87,87,1740000
Nigeria,"Congo, Republic of",2021,5,5,5,5,100000
Nigeria,Côte d'Ivoire,2021,136,136,136,136,2720000
Nigeria,Dem. Rep. of the Congo,2021,655,655,655,655,13100000
Nigeria,Eritrea,2021,33,33,33,33,660000
Nigeria,Ethiopia,2021,5,5,5,5,100000
Nigeria,Ghana,2021,5,5,5,5,100000
Nigeria,Guinea,2021,18,18,18,18,360000
Nigeria,Guinea-Bissau,2021,5,5,5,5,100000
Nigeria,Lebanon,2021,5,5,5,5,100000
Nigeria,Liberia,2021,10,10,10,10,200000
Nigeria,Mali,2021,143,143,143,143,2860000
Nigeria,Niger,2021,1436,1436,1436,1436,28720000
Nigeria,Sierra Leone,2021,23,23,23,23,460000
Nigeria,Sri Lanka,2021,5,5,5,5,100000
Nigeria,State of Palestine,2021,14,14,14,14,280000
Nigeria,Sudan,2021,47,47,47,47,940000
Nigeria,Syrian Arab Rep.,2021,342,342,342,342,6840000
Nigeria,Togo,2021,26,26,26,26,520000
Nigeria,Turkey,2021,177,177,177,177,3540000
United Arab Emirates,Afghanistan,2021,5,5,5,5,100000
North Macedonia,"Congo, Republic of",2021,5,0,5,0,100000
North Macedonia,Pakistan,2021,5,0,5,0,100000
North Macedonia,Serbia and Kosovo: S/RES/1244 (1999),2021,140,0,263,0,2800000
North Macedonia,Syrian Arab Rep.,2021,17,0,17,0,340000
Fiji,Afghanistan,2021,8,8,8,8,160000
Norway,Albania,2021,18,0,18,0,360000
Norway,Algeria,2021,5,0,5,0,100000
Norway,Angola,2021,8,0,8,0,160000
Norway,Armenia,2021,5,0,5,0,100000
Norway,Azerbaijan,2021,17,0,17,0,340000
Norway,Bangladesh,2021,5,0,5,0,100000
Norway,Belarus,2021,5,0,5,0,100000
Norway,Bulgaria,2021,5,0,5,0,100000
Norway,Burundi,2021,37,0,37,0,740000
Norway,Cameroon,2021,15,0,15,0,300000
Norway,Central African Rep.,2021,15,0,15,0,300000
Norway,China,2021,372,0,372,0,7440000
Norway,Colombia,2021,10,0,10,0,200000
Norway,"Congo, Republic of",2021,5,0,5,0,100000
Norway,Côte d'Ivoire,2021,13,0,13,0,260000
Norway,Dem. Rep. of the Congo,2021,386,0,386,0,7720000
Norway,Egypt,2021,50,0,50,0,1000000
Norway,El Salvador,2021,9,0,9,0,180000
Norway,Eritrea,2021,11965,0,11965,0,239300000
Norway,Ethiopia,2021,1412,0,1412,0,28240000
Norway,Gambia,2021,14,0,14,0,280000
Norway,Ghana,2021,6,0,6,0,120000
Norway,Guinea,2021,37,0,37,0,740000
Norway,Guinea-Bissau,2021,5,0,5,0,100000
Norway,Honduras,2021,5,0,5,0,100000
Norway,Iran (Islamic Rep. of),2021,1582,0,1582,0,31640000
Norway,Iraq,2021,1112,0,1112,0,22240000
Norway,Israel,2021,8,0,8,0,160000
Norway,Jordan,2021,5,0,5,0,100000
Norway,Kazakhstan,2021,12,0,12,0,240000
Norway,Kenya,2021,7,0,7,0,140000
Norway,Kyrgyzstan,2021,12,0,12,0,240000
Norway,Lebanon,2021,25,0,25,0,500000
Norway,Liberia,2021,5,0,5,0,100000
Norway,Libya,2021,56,0,56,0,1120000
Norway,Mali,2021,8,0,8,0,160000
Norway,Mauritania,2021,5,0,5,0,100000
Norway,Morocco,2021,15,0,15,0,300000
Norway,Myanmar,2021,34,0,34,0,680000
Norway,Nepal,2021,5,0,5,0,100000
Norway,Nicaragua,2021,6,0,6,0,120000
Norway,Nigeria,2021,131,0,131,0,2620000
Norway,Pakistan,2021,82,0,82,0,1640000
Norway,Rep. of Moldova,2021,5,0,5,0,100000
Norway,Russian Federation,2021,371,0,371,0,7420000
Norway,Rwanda,2021,19,0,19,0,380000
Norway,Saudi Arabia,2021,8,0,8,0,160000
Norway,Serbia and Kosovo: S/RES/1244 (1999),2021,29,0,29,0,580000
Norway,Sierra Leone,2021,10,0,10,0,200000
Norway,Somalia,2021,4620,0,4620,0,92400000
Norway,South Sudan,2021,50,0,50,0,1000000
Norway,Sri Lanka,2021,57,0,57,0,1140000
Norway,Stateless,2021,2353,0,2353,0,47060000
Norway,Sudan,2021,1775,0,1775,0,35500000
Norway,Syrian Arab Rep.,2021,15542,0,15542,0,310840000
Norway,Tajikistan,2021,5,0,5,0,100000
Norway,Tunisia,2021,5,0,5,0,100000
Norway,Turkey,2021,1073,0,1073,0,21460000
Norway,Turkmenistan,2021,5,0,5,0,100000
Norway,Uganda,2021,114,0,114,0,2280000
Norway,Ukraine,2021,13,0,13,0,260000
Norway,Unknown/other,2021,28,0,28,0,560000
Norway,Uzbekistan,2021,165,0,165,0,3300000
Norway,Venezuela (Bolivarian Republic of),2021,16,0,16,0,320000
Norway,Viet Nam,2021,38,0,38,0,760000
Norway,Yemen,2021,197,0,197,0,3940000
Norway,Zimbabwe,2021,9,0,9,0,180000
Oman,Iraq,2021,294,293,294,293,5880000
Oman,Pakistan,2021,5,5,5,5,100000
Oman,Syrian Arab Rep.,2021,8,8,8,8,160000
Indonesia,Afghanistan,2021,5792,8,5792,8,115840000
Pakistan,Algeria,2021,22,22,22,22,440000
Pakistan,Iran (Islamic Rep. of),2021,39,39,39,39,780000
Pakistan,Iraq,2021,22,22,22,22,440000
Pakistan,Myanmar,2021,23,23,23,23,460000
Pakistan,Russian Federation,2021,6,6,6,6,120000
Pakistan,Somalia,2021,177,177,177,177,3540000
Pakistan,State of Palestine,2021,21,21,21,21,420000
Pakistan,Syrian Arab Rep.,2021,43,43,43,43,860000
Pakistan,Tajikistan,2021,7,7,7,7,140000
Pakistan,Turkey,2021,6,6,6,6,120000
Pakistan,Yemen,2021,137,137,137,137,2740000
Jordan,Afghanistan,2021,8,8,8,8,160000
Panama,Belarus,2021,7,0,7,0,140000
Panama,Bosnia and Herzegovina,2021,5,0,5,0,100000
Panama,Cameroon,2021,9,0,9,0,180000
Panama,Colombia,2021,1683,518,1683,518,33660000
Panama,Croatia,2021,5,0,5,0,100000
Panama,Cuba,2021,120,5,120,5,2400000
Panama,Dem. Rep. of the Congo,2021,5,0,5,0,100000
Panama,Dominican Rep.,2021,5,0,5,0,100000
Panama,El Salvador,2021,363,37,363,37,7260000
Panama,Guatemala,2021,12,0,12,0,240000
Panama,Haiti,2021,19,8,19,8,380000
Panama,Honduras,2021,6,6,6,6,120000
Panama,Iran (Islamic Rep. of),2021,5,0,5,0,100000
Panama,Liberia,2021,5,0,5,0,100000
Panama,Mexico,2021,5,0,5,0,100000
Panama,Nicaragua,2021,179,89,179,89,3580000
Panama,Nigeria,2021,10,0,10,0,200000
Panama,Peru,2021,23,0,23,0,460000
Panama,Sierra Leone,2021,5,5,5,5,100000
Panama,Sudan,2021,5,0,5,0,100000
Panama,Venezuela (Bolivarian Republic of),2021,61,54,61,54,1220000
Iraq,Afghanistan,2021,11,11,11,11,220000
Papua New Guinea,Bangladesh,2021,15,15,15,15,300000
Papua New Guinea,Indonesia,2021,11601,11601,11601,11601,232020000
Papua New Guinea,Iran (Islamic Rep. of),2021,84,84,84,84,1680000
Papua New Guinea,Iraq,2021,32,32,32,32,640000
Papua New Guinea,Myanmar,2021,5,5,5,5,100000
Papua New Guinea,Pakistan,2021,29,29,29,29,580000
Papua New Guinea,Somalia,2021,14,14,14,14,280000
Papua New Guinea,Sri Lanka,2021,10,10,10,10,200000
Papua New Guinea,Stateless,2021,5,5,5,5,100000
Papua New Guinea,Sudan,2021,35,35,35,35,700000
Paraguay,Bolivia (Plurinational State of),2021,16,0,16,0,320000
Paraguay,Colombia,2021,17,0,17,0,340000
Paraguay,Cuba,2021,866,33,866,33,17320000
Paraguay,El Salvador,2021,13,0,13,0,260000
Paraguay,Iraq,2021,6,0,6,0,120000
Paraguay,Peru,2021,5,0,5,0,100000
Paraguay,Sri Lanka,2021,5,0,5,0,100000
Paraguay,Syrian Arab Rep.,2021,88,0,88,0,1760000
Paraguay,Turkey,2021,5,0,5,0,100000
Paraguay,Venezuela (Bolivarian Republic of),2021,2020,8,2020,8,40400000
Peru,Bangladesh,2021,26,0,26,0,520000
Peru,Bolivia (Plurinational State of),2021,20,0,20,0,400000
Peru,Brazil,2021,5,0,5,0,100000
Peru,Cameroon,2021,20,0,20,0,400000
Peru,Colombia,2021,707,9,707,9,14140000
Peru,Cuba,2021,508,0,508,0,10160000
Peru,Dem. Rep. of the Congo,2021,8,0,8,0,160000
Peru,Dominican Rep.,2021,20,0,20,0,400000
Peru,El Salvador,2021,9,0,9,0,180000
Peru,Gambia,2021,5,0,5,0,100000
Peru,Ghana,2021,5,0,5,0,100000
Peru,Haiti,2021,84,0,84,0,1680000
Peru,India,2021,6,0,6,0,120000
Peru,Iran (Islamic Rep. of),2021,6,0,6,0,120000
Peru,Iraq,2021,42,0,42,0,840000
Peru,Nicaragua,2021,7,0,7,0,140000
Peru,Nigeria,2021,24,0,24,0,480000
Peru,State of Palestine,2021,41,0,41,0,820000
Peru,Syrian Arab Rep.,2021,47,0,47,0,940000
Peru,Turkey,2021,44,0,44,0,880000
Peru,Ukraine,2021,17,0,17,0,340000
Peru,Unknown/other,2021,15,0,15,0,300000
Peru,Venezuela (Bolivarian Republic of),2021,3229,296,3229,296,64580000
Kenya,Afghanistan,2021,13,13,13,13,260000
Philippines,Burundi,2021,13,0,13,0,260000
Philippines,Cambodia,2021,13,5,13,5,260000
Philippines,Cameroon,2021,34,18,34,18,680000
Philippines,China,2021,5,0,5,0,100000
Philippines,"Congo, Republic of",2021,5,5,5,5,100000
Philippines,Côte d'Ivoire,2021,28,14,28,14,560000
Philippines,Dem. Rep. of the Congo,2021,10,5,10,5,200000
Philippines,Eritrea,2021,21,9,21,9,420000
Philippines,Ethiopia,2021,5,0,5,0,100000
Philippines,Ghana,2021,5,0,5,0,100000
Philippines,Iran (Islamic Rep. of),2021,73,28,73,28,1460000
Philippines,Iraq,2021,55,12,55,12,1100000
Philippines,Lebanon,2021,5,5,5,5,100000
Philippines,Liberia,2021,5,0,5,0,100000
Philippines,Morocco,2021,5,5,5,5,100000
Philippines,Myanmar,2021,10,0,10,0,200000
Philippines,Nigeria,2021,6,5,6,5,120000
Philippines,Pakistan,2021,102,63,102,63,2040000
Philippines,Russian Federation,2021,5,0,5,0,100000
Philippines,Rwanda,2021,18,0,18,0,360000
Philippines,Somalia,2021,30,8,30,8,600000
Philippines,Sri Lanka,2021,18,8,18,8,360000
Philippines,State of Palestine,2021,60,20,60,20,1200000
Philippines,Stateless,2021,5,5,5,5,100000
Philippines,Sudan,2021,7,5,7,5,140000
Philippines,Syrian Arab Rep.,2021,130,50,130,50,2600000
Philippines,Thailand,2021,5,0,5,0,100000
Philippines,Turkey,2021,54,0,54,0,1080000
Philippines,United Arab Emirates,2021,6,5,6,5,120000
Philippines,Viet Nam,2021,17,0,17,0,340000
Philippines,Yemen,2021,30,6,30,6,600000
Madagascar,Afghanistan,2021,17,17,17,17,340000
Poland,Armenia,2021,5,0,5,0,100000
Poland,Azerbaijan,2021,10,0,10,0,200000
Poland,Bangladesh,2021,6,0,6,0,120000
Poland,Belarus,2021,398,0,398,0,7960000
Poland,Bosnia and Herzegovina,2021,7,0,7,0,140000
Poland,Central African Rep.,2021,5,0,5,0,100000
Poland,China,2021,17,0,17,0,340000
Poland,"Congo, Republic of",2021,6,0,6,0,120000
Poland,Cuba,2021,7,0,7,0,140000
Poland,Egypt,2021,40,0,40,0,800000
Poland,Eritrea,2021,5,0,5,0,100000
Poland,Ethiopia,2021,5,0,5,0,100000
Poland,Georgia,2021,5,0,5,0,100000
Poland,Guinea,2021,5,0,5,0,100000
Poland,Iran (Islamic Rep. of),2021,48,0,48,0,960000
Poland,Iraq,2021,113,0,113,0,2260000
Poland,Kazakhstan,2021,39,0,39,0,780000
Poland,Kyrgyzstan,2021,28,0,28,0,560000
Poland,Lao People's Dem. Rep.,2021,5,0,5,0,100000
Poland,Libya,2021,21,0,21,0,420000
Poland,Nepal,2021,7,0,7,0,140000
Poland,Nigeria,2021,7,0,7,0,140000
Poland,Pakistan,2021,29,0,29,0,580000
Poland,Russian Federation,2021,1100,0,1100,0,22000000
Poland,Rwanda,2021,5,0,5,0,100000
Poland,Sierra Leone,2021,7,0,7,0,140000
Poland,Somalia,2021,16,0,16,0,320000
Poland,Sri Lanka,2021,11,0,11,0,220000
Poland,State of Palestine,2021,5,0,5,0,100000
Poland,Stateless,2021,53,0,53,0,1060000
Poland,Syrian Arab Rep.,2021,239,0,239,0,4780000
Poland,Tajikistan,2021,134,0,134,0,2680000
Poland,Turkey,2021,187,0,187,0,3740000
Poland,Turkmenistan,2021,33,0,33,0,660000
Poland,Ukraine,2021,417,0,417,0,8340000
Poland,Uzbekistan,2021,16,0,16,0,320000
Poland,Venezuela (Bolivarian Republic of),2021,5,0,5,0,100000
Poland,Viet Nam,2021,5,0,5,0,100000
Poland,Yemen,2021,16,0,16,0,320000
Rep. of Moldova,Afghanistan,2021,20,20,20,20,400000
Portugal,Armenia,2021,5,0,5,0,100000
Portugal,Bangladesh,2021,6,0,6,0,120000
Portugal,Belarus,2021,16,0,16,0,320000
Portugal,Bosnia and Herzegovina,2021,10,0,10,0,200000
Portugal,Cameroon,2021,13,0,13,0,260000
Portugal,Central African Rep.,2021,8,0,8,0,160000
Portugal,Colombia,2021,33,0,33,0,660000
Portugal,"Congo, Republic of",2021,12,0,12,0,240000
Portugal,Côte d'Ivoire,2021,32,0,32,0,640000
Portugal,Cuba,2021,5,0,5,0,100000
Portugal,Dem. Rep. of the Congo,2021,55,0,55,0,1100000
Portugal,Eritrea,2021,201,0,201,0,4020000
Portugal,Ethiopia,2021,9,0,9,0,180000
Portugal,Gambia,2021,6,0,6,0,120000
Portugal,Guinea,2021,92,0,92,0,1840000
Portugal,Guinea-Bissau,2021,9,0,9,0,180000
Portugal,Iran (Islamic Rep. of),2021,44,0,44,0,880000
Portugal,Iraq,2021,221,0,221,0,4420000
Portugal,Kenya,2021,6,0,6,0,120000
Portugal,Libya,2021,15,0,15,0,300000
Portugal,Mali,2021,14,0,14,0,280000
Portugal,Morocco,2021,9,0,9,0,180000
Portugal,Nigeria,2021,23,0,23,0,460000
Portugal,Pakistan,2021,84,0,84,0,1680000
Portugal,Russian Federation,2021,24,0,24,0,480000
Portugal,Senegal,2021,5,0,5,0,100000
Portugal,Sierra Leone,2021,25,0,25,0,500000
Portugal,Somalia,2021,38,0,38,0,760000
Portugal,South Sudan,2021,35,0,35,0,700000
Portugal,Sri Lanka,2021,31,0,31,0,620000
Portugal,State of Palestine,2021,5,0,5,0,100000
Portugal,Stateless,2021,31,0,31,0,620000
Portugal,Sudan,2021,79,0,79,0,1580000
Portugal,Syrian Arab Rep.,2021,932,0,932,0,18640000
Portugal,Togo,2021,7,0,7,0,140000
Portugal,Turkey,2021,29,0,29,0,580000
Portugal,Uganda,2021,5,0,5,0,100000
Portugal,Ukraine,2021,443,0,443,0,8860000
Portugal,Yemen,2021,9,0,9,0,180000
Qatar,Egypt,2021,13,13,13,13,260000
Qatar,Iraq,2021,141,141,141,141,2820000
Qatar,Somalia,2021,7,7,7,7,140000
Qatar,Syrian Arab Rep.,2021,34,34,34,34,680000
Qatar,Yemen,2021,5,5,5,5,100000
Cuba,Afghanistan,2021,22,22,22,22,440000
Rep. of Korea,Algeria,2021,6,0,6,0,120000
Rep. of Korea,Angola,2021,5,0,5,0,100000
Rep. of Korea,Bangladesh,2021,128,0,128,0,2560000
Rep. of Korea,Burundi,2021,47,0,47,0,940000
Rep. of Korea,Cameroon,2021,22,0,22,0,440000
Rep. of Korea,China,2021,50,0,50,0,1000000
Rep. of Korea,Côte d'Ivoire,2021,38,0,38,0,760000
Rep. of Korea,Dem. Rep. of the Congo,2021,62,0,62,0,1240000
Rep. of Korea,Egypt,2021,55,0,55,0,1100000
Rep. of Korea,Eritrea,2021,10,0,10,0,200000
Rep. of Korea,Ethiopia,2021,164,0,164,0,3280000
Rep. of Korea,Ghana,2021,7,0,7,0,140000
Rep. of Korea,Iran (Islamic Rep. of),2021,61,0,61,0,1220000
Rep. of Korea,Iraq,2021,28,0,28,0,560000
Rep. of Korea,Jordan,2021,7,0,7,0,140000
Rep. of Korea,Kazakhstan,2021,5,0,5,0,100000
Rep. of Korea,Kenya,2021,5,0,5,0,100000
Rep. of Korea,Liberia,2021,12,0,12,0,240000
Rep. of Korea,Libya,2021,15,0,15,0,300000
Rep. of Korea,Mali,2021,7,0,7,0,140000
Rep. of Korea,Morocco,2021,5,0,5,0,100000
Rep. of Korea,Myanmar,2021,394,5,394,5,7880000
Rep. of Korea,Nepal,2021,5,0,5,0,100000
Rep. of Korea,Nigeria,2021,13,0,13,0,260000
Rep. of Korea,Pakistan,2021,112,5,112,5,2240000
Rep. of Korea,Russian Federation,2021,13,0,13,0,260000
Rep. of Korea,Somalia,2021,5,0,5,0,100000
Rep. of Korea,Sri Lanka,2021,8,0,8,0,160000
Rep. of Korea,State of Palestine,2021,8,0,8,0,160000
Rep. of Korea,Sudan,2021,31,5,31,5,620000
Rep. of Korea,Syrian Arab Rep.,2021,1249,0,1249,0,24980000
Rep. of Korea,Thailand,2021,10,0,10,0,200000
Rep. of Korea,Uganda,2021,38,0,38,0,760000
Rep. of Korea,Ukraine,2021,14,0,14,0,280000
Rep. of Korea,United Rep. of Tanzania,2021,5,0,5,0,100000
Rep. of Korea,Uzbekistan,2021,9,0,9,0,180000
Rep. of Korea,Yemen,2021,808,5,808,5,16160000
Brazil,Afghanistan,2021,145,24,145,24,2900000
Rep. of Moldova,Armenia,2021,15,15,15,15,300000
Rep. of Moldova,Azerbaijan,2021,5,5,5,5,100000
Rep. of Moldova,Iraq,2021,17,17,17,17,340000
Rep. of Moldova,Kyrgyzstan,2021,11,11,11,11,220000
Rep. of Moldova,Libya,2021,5,5,5,5,100000
Rep. of Moldova,Russian Federation,2021,5,5,5,5,100000
Rep. of Moldova,State of Palestine,2021,5,5,5,5,100000
Rep. of Moldova,Sudan,2021,9,9,9,9,180000
Rep. of Moldova,Syrian Arab Rep.,2021,190,190,190,190,3800000
Rep. of Moldova,Tajikistan,2021,8,8,8,8,160000
Rep. of Moldova,Turkey,2021,63,63,63,63,1260000
Rep. of Moldova,Turkmenistan,2021,5,5,5,5,100000
Rep. of Moldova,Ukraine,2021,30,30,30,30,600000
Rep. of Moldova,Uzbekistan,2021,9,9,9,9,180000
Rep. of Moldova,Yemen,2021,8,8,8,8,160000
Nauru,Afghanistan,2021,26,26,26,26,520000
Romania,Angola,2021,7,0,7,0,140000
Romania,Bangladesh,2021,13,0,13,0,260000
Romania,Burundi,2021,8,0,8,0,160000
Romania,Cameroon,2021,24,0,24,0,480000
Romania,Central African Rep.,2021,5,0,5,0,100000
Romania,China,2021,5,0,5,0,100000
Romania,Comoros,2021,5,0,5,0,100000
Romania,"Congo, Republic of",2021,5,0,5,0,100000
Romania,Cuba,2021,8,0,8,0,160000
Romania,Dem. Rep. of the Congo,2021,15,7,15,7,300000
Romania,Egypt,2021,18,8,18,8,360000
Romania,Eritrea,2021,52,0,52,0,1040000
Romania,Ethiopia,2021,10,0,10,0,200000
Romania,Gambia,2021,5,0,5,0,100000
Romania,Guinea,2021,11,0,11,0,220000
Romania,India,2021,5,0,5,0,100000
Romania,Iran (Islamic Rep. of),2021,128,7,128,7,2560000
Romania,Iraq,2021,532,28,532,28,10640000
Romania,Jordan,2021,6,0,6,0,120000
Romania,Lebanon,2021,5,0,5,0,100000
Romania,Libya,2021,5,0,5,0,100000
Romania,Myanmar,2021,24,0,24,0,480000
Romania,Nigeria,2021,11,0,11,0,220000
Romania,Pakistan,2021,31,0,31,0,620000
Romania,Rwanda,2021,8,0,8,0,160000
Romania,Somalia,2021,208,25,208,25,4160000
Romania,State of Palestine,2021,53,0,53,0,1060000
Romania,Stateless,2021,111,0,111,0,2220000
Romania,Sudan,2021,21,6,21,6,420000
Romania,Syrian Arab Rep.,2021,2121,112,2121,112,42420000
Romania,Tunisia,2021,5,0,5,0,100000
Romania,Turkey,2021,53,5,53,5,1060000
Romania,Uganda,2021,5,0,5,0,100000
Romania,Ukraine,2021,18,0,18,0,360000
Romania,Yemen,2021,55,5,55,5,1100000
Romania,Zimbabwe,2021,5,0,5,0,100000
Serbia and Kosovo: S/RES/1244 (1999),Afghanistan,2021,28,28,28,28,560000
Russian Federation,Armenia,2021,10,10,10,10,200000
Russian Federation,Azerbaijan,2021,21,21,21,21,420000
Russian Federation,Bangladesh,2021,5,5,5,5,100000
Russian Federation,Cameroon,2021,5,5,5,5,100000
Russian Federation,China,2021,21,21,21,21,420000
Russian Federation,"Congo, Republic of",2021,5,5,5,5,100000
Russian Federation,Côte d'Ivoire,2021,5,5,5,5,100000
Russian Federation,Cuba,2021,5,5,5,5,100000
Russian Federation,Dem. People's Rep. of Korea,2021,52,52,52,52,1040000
Russian Federation,Dem. Rep. of the Congo,2021,11,11,11,11,220000
Russian Federation,Egypt,2021,5,5,5,5,100000
Russian Federation,Estonia,2021,5,5,5,5,100000
Russian Federation,Georgia,2021,137,137,137,137,2740000
Russian Federation,Germany,2021,16,0,16,0,320000
Russian Federation,Iran (Islamic Rep. of),2021,5,5,5,5,100000
Russian Federation,Iraq,2021,16,16,16,16,320000
Russian Federation,Israel,2021,5,5,5,5,100000
Russian Federation,Kazakhstan,2021,19,19,19,19,380000
Russian Federation,Kyrgyzstan,2021,31,31,31,31,620000
Russian Federation,Latvia,2021,8,8,8,8,160000
Russian Federation,Lebanon,2021,6,6,6,6,120000
Russian Federation,Lithuania,2021,5,5,5,5,100000
Russian Federation,Pakistan,2021,6,6,6,6,120000
Russian Federation,Philippines,2021,5,5,5,5,100000
Russian Federation,Rep. of Korea,2021,5,5,5,5,100000
Russian Federation,Rep. of Moldova,2021,27,27,27,27,540000
Russian Federation,State of Palestine,2021,5,5,5,5,100000
Russian Federation,Stateless,2021,37,37,37,37,740000
Russian Federation,Sudan,2021,5,5,5,5,100000
Russian Federation,Syrian Arab Rep.,2021,328,328,328,328,6560000
Russian Federation,Tajikistan,2021,41,41,41,41,820000
Russian Federation,Turkey,2021,5,5,5,5,100000
Russian Federation,Turkmenistan,2021,34,34,34,34,680000
Russian Federation,Ukraine,2021,13298,300,13298,300,265960000
Russian Federation,United States of America,2021,5,5,5,5,100000
Russian Federation,Uzbekistan,2021,87,87,87,87,1740000
Russian Federation,Yemen,2021,80,80,80,80,1600000
Rwanda,Angola,2021,9,0,9,0,180000
Rwanda,Burundi,2021,47911,235,47911,235,958220000
Rwanda,Chad,2021,6,0,6,0,120000
Rwanda,Dem. Rep. of the Congo,2021,74616,557,74616,557,1492320000
Rwanda,Eritrea,2021,140,5,140,5,2800000
Rwanda,Ethiopia,2021,6,0,6,0,120000
Rwanda,Somalia,2021,24,5,24,5,480000
Rwanda,South Sudan,2021,6,0,6,0,120000
Rwanda,Sudan,2021,88,0,88,0,1760000
Saudi Arabia,Chad,2021,9,9,9,9,180000
Saudi Arabia,China,2021,14,14,14,14,280000
Saudi Arabia,Eritrea,2021,36,36,36,36,720000
Saudi Arabia,Iraq,2021,33,33,33,33,660000
Saudi Arabia,Liberia,2021,9,9,9,9,180000
Saudi Arabia,Somalia,2021,16,16,16,16,320000
Saudi Arabia,State of Palestine,2021,9,9,9,9,180000
Saudi Arabia,Syrian Arab Rep.,2021,178,178,178,178,3560000
Saudi Arabia,Tunisia,2021,7,7,7,7,140000
Saudi Arabia,Yemen,2021,24,24,24,24,480000
Senegal,Burundi,2021,10,10,10,10,200000
Senegal,Central African Rep.,2021,198,198,198,198,3960000
Senegal,Chad,2021,5,5,5,5,100000
Senegal,Côte d'Ivoire,2021,23,23,23,23,460000
Senegal,Dem. Rep. of the Congo,2021,12,12,12,12,240000
Senegal,Gambia,2021,26,26,26,26,520000
Senegal,Liberia,2021,7,7,7,7,140000
Senegal,Mauritania,2021,14196,14196,14196,14196,283920000
Senegal,Nigeria,2021,5,5,5,5,100000
Senegal,Rwanda,2021,13,13,13,13,260000
Senegal,Sudan,2021,5,5,5,5,100000
Senegal,Turkey,2021,5,5,5,5,100000
China,Afghanistan,2021,31,31,31,31,620000
Serbia and Kosovo: S/RES/1244 (1999),Bosnia and Herzegovina,2021,7997,547,7997,547,159940000
Serbia and Kosovo: S/RES/1244 (1999),Burundi,2021,6,6,6,6,120000
Serbia and Kosovo: S/RES/1244 (1999),Croatia,2021,17336,1187,17336,1187,346720000
Serbia and Kosovo: S/RES/1244 (1999),Cuba,2021,7,7,7,7,140000
Serbia and Kosovo: S/RES/1244 (1999),Ethiopia,2021,5,5,5,5,100000
Serbia and Kosovo: S/RES/1244 (1999),Iran (Islamic Rep. of),2021,18,18,18,18,360000
Serbia and Kosovo: S/RES/1244 (1999),Iraq,2021,15,14,15,14,300000
Serbia and Kosovo: S/RES/1244 (1999),Libya,2021,46,46,46,46,920000
Serbia and Kosovo: S/RES/1244 (1999),Pakistan,2021,5,5,5,5,100000
Serbia and Kosovo: S/RES/1244 (1999),Russian Federation,2021,5,5,5,5,100000
Serbia and Kosovo: S/RES/1244 (1999),Somalia,2021,7,7,7,7,140000
Serbia and Kosovo: S/RES/1244 (1999),State of Palestine,2021,7,0,7,0,140000
Serbia and Kosovo: S/RES/1244 (1999),Sudan,2021,5,5,5,5,100000
Serbia and Kosovo: S/RES/1244 (1999),Syrian Arab Rep.,2021,44,31,44,31,880000
Serbia and Kosovo: S/RES/1244 (1999),Turkey,2021,95,0,95,0,1900000
Serbia and Kosovo: S/RES/1244 (1999),Ukraine,2021,15,15,15,15,300000
Sierra Leone,Côte d'Ivoire,2021,10,10,10,10,200000
Sierra Leone,Liberia,2021,332,332,332,332,6640000
Malaysia,Afghanistan,2021,1538,32,1538,32,30760000
Slovakia,Angola,2021,24,0,24,0,480000
Slovakia,Armenia,2021,34,0,34,0,680000
Slovakia,Bosnia and Herzegovina,2021,36,0,36,0,720000
Slovakia,Bulgaria,2021,8,0,8,0,160000
Slovakia,Burundi,2021,5,0,5,0,100000
Slovakia,Cambodia,2021,5,0,5,0,100000
Slovakia,Cameroon,2021,9,0,9,0,180000
Slovakia,China,2021,5,0,5,0,100000
Slovakia,Cuba,2021,32,0,32,0,640000
Slovakia,Dem. Rep. of the Congo,2021,15,0,15,0,300000
Slovakia,Egypt,2021,5,0,5,0,100000
Slovakia,Iran (Islamic Rep. of),2021,36,0,36,0,720000
Slovakia,Iraq,2021,211,0,211,0,4220000
Slovakia,Liberia,2021,5,0,5,0,100000
Slovakia,Libya,2021,7,0,7,0,140000
Slovakia,Pakistan,2021,8,0,8,0,160000
Slovakia,Romania,2021,37,0,37,0,740000
Slovakia,Russian Federation,2021,38,0,38,0,760000
Slovakia,Serbia and Kosovo: S/RES/1244 (1999),2021,46,0,46,0,920000
Slovakia,Somalia,2021,31,0,31,0,620000
Slovakia,State of Palestine,2021,7,0,7,0,140000
Slovakia,Stateless,2021,9,0,9,0,180000
Slovakia,Syrian Arab Rep.,2021,21,0,21,0,420000
Slovakia,Turkey,2021,5,0,5,0,100000
Slovakia,Uganda,2021,5,0,5,0,100000
Slovakia,Ukraine,2021,24,0,24,0,480000
Slovakia,Uzbekistan,2021,5,0,5,0,100000
Slovakia,Viet Nam,2021,16,0,16,0,320000
Slovakia,Yemen,2021,22,0,22,0,440000
Papua New Guinea,Afghanistan,2021,32,32,32,32,640000
Slovenia,Bosnia and Herzegovina,2021,6,0,6,0,120000
Slovenia,Cameroon,2021,5,0,5,0,100000
Slovenia,Dem. Rep. of the Congo,2021,6,0,6,0,120000
Slovenia,Eritrea,2021,86,0,86,0,1720000
Slovenia,Iran (Islamic Rep. of),2021,78,0,78,0,1560000
Slovenia,Iraq,2021,53,0,53,0,1060000
Slovenia,Kazakhstan,2021,20,0,20,0,400000
Slovenia,Nigeria,2021,6,0,6,0,120000
Slovenia,Pakistan,2021,5,0,5,0,100000
Slovenia,Russian Federation,2021,21,0,21,0,420000
Slovenia,Serbia and Kosovo: S/RES/1244 (1999),2021,10,0,10,0,200000
Slovenia,Somalia,2021,50,0,50,0,1000000
Slovenia,State of Palestine,2021,26,0,26,0,520000
Slovenia,Sudan,2021,6,0,6,0,120000
Slovenia,Syrian Arab Rep.,2021,326,0,326,0,6520000
Slovenia,Turkey,2021,59,0,59,0,1180000
Slovenia,Ukraine,2021,5,0,5,0,100000
Slovenia,Yemen,2021,6,0,6,0,120000
Somalia,Bangladesh,2021,6,0,6,0,120000
Somalia,Cameroon,2021,5,0,5,0,100000
Somalia,Eritrea,2021,51,0,51,0,1020000
Somalia,Ethiopia,2021,4162,0,4162,0,83240000
Somalia,State of Palestine,2021,8,0,8,0,160000
Somalia,Syrian Arab Rep.,2021,748,0,748,0,14960000
Somalia,Yemen,2021,6979,0,6979,0,139580000
Egypt,Afghanistan,2021,41,41,41,41,820000
South Africa,Algeria,2021,5,0,5,0,100000
South Africa,Angola,2021,24,0,24,0,480000
South Africa,Bangladesh,2021,202,0,202,0,4040000
South Africa,Benin,2021,5,0,5,0,100000
South Africa,Bulgaria,2021,5,0,5,0,100000
South Africa,Burundi,2021,2636,0,2636,0,52720000
South Africa,Cameroon,2021,326,0,326,0,6520000
South Africa,Central African Rep.,2021,9,0,9,0,180000
South Africa,Chad,2021,5,0,5,0,100000
South Africa,"Congo, Republic of",2021,4463,0,4463,0,89260000
South Africa,Côte d'Ivoire,2021,27,0,27,0,540000
South Africa,Dem. Rep. of the Congo,2021,22816,0,22816,0,456320000
South Africa,Egypt,2021,7,0,7,0,140000
South Africa,Eritrea,2021,1469,0,1469,0,29380000
South Africa,Estonia,2021,5,0,5,0,100000
South Africa,Eswatini,2021,7,0,7,0,140000
South Africa,Ethiopia,2021,15629,0,15629,0,312580000
South Africa,Ghana,2021,7,0,7,0,140000
South Africa,India,2021,5,0,5,0,100000
South Africa,Iraq,2021,14,0,14,0,280000
South Africa,Jordan,2021,5,0,5,0,100000
South Africa,Kenya,2021,140,0,140,0,2800000
South Africa,Liberia,2021,47,0,47,0,940000
South Africa,Malawi,2021,8,0,8,0,160000
South Africa,Mali,2021,5,0,5,0,100000
South Africa,Morocco,2021,5,0,5,0,100000
South Africa,Nigeria,2021,11,0,11,0,220000
South Africa,Pakistan,2021,10,0,10,0,200000
South Africa,Russian Federation,2021,10,0,10,0,200000
South Africa,Rwanda,2021,1016,0,1016,0,20320000
South Africa,Senegal,2021,5,0,5,0,100000
South Africa,Sierra Leone,2021,19,0,19,0,380000
South Africa,Solomon Islands,2021,7,0,7,0,140000
South Africa,Somalia,2021,23054,0,23054,0,461080000
South Africa,Sri Lanka,2021,10,0,10,0,200000
South Africa,State of Palestine,2021,37,0,37,0,740000
South Africa,Sudan,2021,93,0,93,0,1860000
South Africa,Syrian Arab Rep.,2021,38,0,38,0,760000
South Africa,Togo,2021,12,0,12,0,240000
South Africa,Turkey,2021,5,0,5,0,100000
South Africa,Uganda,2021,459,0,459,0,9180000
South Africa,Ukraine,2021,5,0,5,0,100000
South Africa,United Rep. of Tanzania,2021,33,0,33,0,660000
South Africa,Unknown/other,2021,5,0,5,0,100000
South Africa,Yemen,2021,5,0,5,0,100000
South Africa,Zambia,2021,60,0,60,0,1200000
South Africa,Zimbabwe,2021,3954,0,3954,0,79080000
South Sudan,Burundi,2021,109,109,109,109,2180000
South Sudan,Central African Rep.,2021,2262,2262,2262,2262,45240000
South Sudan,Dem. Rep. of the Congo,2021,17121,17121,17121,17121,342420000
South Sudan,Eritrea,2021,280,280,280,280,5600000
South Sudan,Ethiopia,2021,4345,4339,4345,4339,86900000
South Sudan,Sudan,2021,296762,294853,296762,294853,5935240000
Ecuador,Afghanistan,2021,146,44,146,44,2920000
Spain,Albania,2021,5,0,5,0,100000
Spain,Algeria,2021,93,0,93,0,1860000
Spain,Angola,2021,35,0,35,0,700000
Spain,Argentina,2021,20,0,20,0,400000
Spain,Armenia,2021,45,0,45,0,900000
Spain,Azerbaijan,2021,48,0,48,0,960000
Spain,Bangladesh,2021,19,0,19,0,380000
Spain,Belarus,2021,10,0,10,0,200000
Spain,Benin,2021,5,0,5,0,100000
Spain,Bolivia (Plurinational State of),2021,8,0,8,0,160000
Spain,Brazil,2021,43,0,43,0,860000
Spain,Burundi,2021,8,0,8,0,160000
Spain,Cameroon,2021,118,0,118,0,2360000
Spain,Central African Rep.,2021,133,0,133,0,2660000
Spain,Chad,2021,9,0,9,0,180000
Spain,Chile,2021,15,0,15,0,300000
Spain,China,2021,29,0,29,0,580000
Spain,Colombia,2021,1719,0,1719,0,34380000
Spain,"Congo, Republic of",2021,64,0,64,0,1280000
Spain,Costa Rica,2021,5,0,5,0,100000
Spain,Côte d'Ivoire,2021,386,0,386,0,7720000
Spain,Cuba,2021,401,0,401,0,8020000
Spain,Dem. Rep. of the Congo,2021,81,0,81,0,1620000
Spain,Dominican Rep.,2021,11,0,11,0,220000
Spain,Ecuador,2021,6,0,6,0,120000
Spain,Egypt,2021,75,0,75,0,1500000
Spain,El Salvador,2021,825,0,825,0,16500000
Spain,Equatorial Guinea,2021,30,0,30,0,600000
Spain,Eritrea,2021,296,0,296,0,5920000
Spain,Ethiopia,2021,53,0,53,0,1060000
Spain,Gabon,2021,5,0,5,0,100000
Spain,Gambia,2021,48,0,48,0,960000
Spain,Georgia,2021,36,0,36,0,720000
Spain,Ghana,2021,5,0,5,0,100000
Spain,Guatemala,2021,98,0,98,0,1960000
Spain,Guinea,2021,123,0,123,0,2460000
Spain,Guinea-Bissau,2021,5,0,5,0,100000
Spain,Haiti,2021,10,0,10,0,200000
Spain,Honduras,2021,1308,0,1308,0,26160000
Spain,India,2021,6,0,6,0,120000
Spain,Iran (Islamic Rep. of),2021,82,0,82,0,1640000
Spain,Iraq,2021,299,0,299,0,5980000
Spain,Jamaica,2021,58,0,58,0,1160000
Spain,Jordan,2021,29,0,29,0,580000
Spain,Kazakhstan,2021,15,0,15,0,300000
Spain,Kenya,2021,12,0,12,0,240000
Spain,Kyrgyzstan,2021,8,0,8,0,160000
Spain,Lebanon,2021,30,0,30,0,600000
Spain,Liberia,2021,7,0,7,0,140000
Spain,Libya,2021,141,0,141,0,2820000
Spain,Mali,2021,764,0,764,0,15280000
Spain,Mauritania,2021,18,0,18,0,360000
Spain,Mexico,2021,40,0,40,0,800000
Spain,Mongolia,2021,5,0,5,0,100000
Spain,Morocco,2021,668,0,668,0,13360000
Spain,Myanmar,2021,8,0,8,0,160000
Spain,Nicaragua,2021,1656,0,1656,0,33120000
Spain,Nigeria,2021,149,0,149,0,2980000
Spain,Pakistan,2021,434,0,434,0,8680000
Spain,Panama,2021,13,0,13,0,260000
Spain,Paraguay,2021,56,0,56,0,1120000
Spain,Peru,2021,215,0,215,0,4300000
Spain,Russian Federation,2021,413,0,413,0,8260000
Spain,Rwanda,2021,5,0,5,0,100000
Spain,Saudi Arabia,2021,5,0,5,0,100000
Spain,Senegal,2021,38,0,38,0,760000
Spain,Serbia and Kosovo: S/RES/1244 (1999),2021,5,0,5,0,100000
Spain,Sierra Leone,2021,22,0,22,0,440000
Spain,Somalia,2021,695,0,695,0,13900000
Spain,South Africa,2021,5,0,5,0,100000
Spain,South Sudan,2021,5,0,5,0,100000
Spain,Sri Lanka,2021,70,0,70,0,1400000
Spain,State of Palestine,2021,1351,0,1351,0,27020000
Spain,Sudan,2021,176,0,176,0,3520000
Spain,Syrian Arab Rep.,2021,14823,0,14823,0,296460000
Spain,Tajikistan,2021,5,0,5,0,100000
Spain,Togo,2021,5,0,5,0,100000
Spain,Trinidad and Tobago,2021,5,0,5,0,100000
Spain,Tunisia,2021,29,0,29,0,580000
Spain,Turkey,2021,141,0,141,0,2820000
Spain,Uganda,2021,7,0,7,0,140000
Spain,Ukraine,2021,1315,0,1315,0,26300000
Spain,United States of America,2021,17,0,17,0,340000
Spain,Unknown/other,2021,32,0,32,0,640000
Spain,Uruguay,2021,6,0,6,0,120000
Spain,Uzbekistan,2021,10,0,10,0,200000
Spain,Venezuela (Bolivarian Republic of),2021,84237,0,84237,0,1684740000
Spain,Western Sahara,2021,22,0,22,0,440000
Spain,Yemen,2021,368,0,368,0,7360000
Romania,Afghanistan,2021,175,48,175,48,3500000
Sri Lanka,Iran (Islamic Rep. of),2021,24,24,24,24,480000
Sri Lanka,Myanmar,2021,35,35,35,35,700000
Sri Lanka,Pakistan,2021,746,746,746,746,14920000
Sri Lanka,State of Palestine,2021,5,5,5,5,100000
Sri Lanka,Sudan,2021,5,5,5,5,100000
Sri Lanka,Yemen,2021,15,15,15,15,300000
Sudan,Burundi,2021,17,17,17,17,340000
Sudan,Cameroon,2021,7,7,7,7,140000
Sudan,Central African Rep.,2021,27344,27344,27344,27344,546880000
Sudan,Chad,2021,3519,3519,3519,3519,70380000
Sudan,"Congo, Republic of",2021,15,15,15,15,300000
Sudan,Dem. Rep. of the Congo,2021,412,412,412,412,8240000
Sudan,Egypt,2021,17,17,17,17,340000
Sudan,Eritrea,2021,114690,114690,114690,114690,2293800000
Sudan,Ethiopia,2021,54373,54370,54373,54370,1087460000
Sudan,Iraq,2021,9,9,9,9,180000
Sudan,Nigeria,2021,12,12,12,12,240000
Sudan,Somalia,2021,349,349,349,349,6980000
Sudan,South Sudan,2021,772313,546460,772313,546460,15446260000
Sudan,Syrian Arab Rep.,2021,93490,14475,93490,14475,1869800000
Sudan,Turkey,2021,5,5,5,5,100000
Sudan,Uganda,2021,5,5,5,5,100000
Sudan,Unknown/other,2021,106,106,106,106,2120000
Sudan,Yemen,2021,1656,1656,1656,1656,33120000
Suriname,Cuba,2021,7,7,7,7,140000
Suriname,Venezuela (Bolivarian Republic of),2021,12,12,12,12,240000
Nepal,Afghanistan,2021,52,52,52,52,1040000
Sweden,Albania,2021,300,0,300,0,6000000
Sweden,Algeria,2021,58,0,58,0,1160000
Sweden,Angola,2021,22,0,22,0,440000
Sweden,Armenia,2021,320,0,320,0,6400000
Sweden,Azerbaijan,2021,609,0,609,0,12180000
Sweden,Bahrain,2021,16,0,16,0,320000
Sweden,Bangladesh,2021,252,0,252,0,5040000
Sweden,Belarus,2021,102,0,102,0,2040000
Sweden,Benin,2021,10,0,10,0,200000
Sweden,Bolivia (Plurinational State of),2021,53,0,53,0,1060000
Sweden,Bosnia and Herzegovina,2021,67,0,67,0,1340000
Sweden,Brazil,2021,7,0,7,0,140000
Sweden,Bulgaria,2021,10,0,10,0,200000
Sweden,Burkina Faso,2021,5,0,5,0,100000
Sweden,Burundi,2021,224,0,224,0,4480000
Sweden,Cameroon,2021,222,0,222,0,4440000
Sweden,Central African Rep.,2021,71,0,71,0,1420000
Sweden,Chad,2021,18,0,18,0,360000
Sweden,Chile,2021,10,0,10,0,200000
Sweden,China,2021,269,0,269,0,5380000
Sweden,Colombia,2021,40,0,40,0,800000
Sweden,Comoros,2021,5,0,5,0,100000
Sweden,"Congo, Republic of",2021,33,0,33,0,660000
Sweden,Côte d'Ivoire,2021,37,0,37,0,740000
Sweden,Cuba,2021,27,0,27,0,540000
Sweden,Dem. Rep. of the Congo,2021,845,0,845,0,16900000
Sweden,Djibouti,2021,30,0,30,0,600000
Sweden,Ecuador,2021,5,0,5,0,100000
Sweden,Egypt,2021,431,0,431,0,8620000
Sweden,El Salvador,2021,145,0,145,0,2900000
Sweden,Equatorial Guinea,2021,5,0,5,0,100000
Sweden,Eritrea,2021,26911,0,26911,0,538220000
Sweden,Eswatini,2021,5,0,5,0,100000
Sweden,Ethiopia,2021,2511,0,2511,0,50220000
Sweden,Gambia,2021,182,0,182,0,3640000
Sweden,Georgia,2021,91,0,91,0,1820000
Sweden,Ghana,2021,60,0,60,0,1200000
Sweden,Greece,2021,18,0,18,0,360000
Sweden,Guatemala,2021,11,0,11,0,220000
Sweden,Guinea,2021,68,0,68,0,1360000
Sweden,Guinea-Bissau,2021,8,0,8,0,160000
Sweden,Honduras,2021,26,0,26,0,520000
Sweden,Hungary,2021,5,0,5,0,100000
Sweden,India,2021,20,0,20,0,400000
Sweden,Indonesia,2021,15,0,15,0,300000
Sweden,Iran (Islamic Rep. of),2021,7516,0,7516,0,150320000
Sweden,Iraq,2021,11153,0,11153,0,223060000
Sweden,Israel,2021,23,0,23,0,460000
Sweden,Jamaica,2021,5,0,5,0,100000
Sweden,Jordan,2021,285,0,285,0,5700000
Sweden,Kazakhstan,2021,217,0,217,0,4340000
Sweden,Kenya,2021,92,0,92,0,1840000
Sweden,Kuwait,2021,33,0,33,0,660000
Sweden,Kyrgyzstan,2021,167,0,167,0,3340000
Sweden,Lebanon,2021,523,0,523,0,10460000
Sweden,Liberia,2021,11,0,11,0,220000
Sweden,Libya,2021,328,0,328,0,6560000
Sweden,Malaysia,2021,14,0,14,0,280000
Sweden,Mali,2021,42,0,42,0,840000
Sweden,Mauritania,2021,13,0,13,0,260000
Sweden,Mongolia,2021,253,0,253,0,5060000
Sweden,Montenegro,2021,24,0,24,0,480000
Sweden,Morocco,2021,257,0,257,0,5140000
Sweden,Myanmar,2021,7,0,7,0,140000
Sweden,Nepal,2021,10,0,10,0,200000
Sweden,Nicaragua,2021,63,0,63,0,1260000
Sweden,Niger,2021,5,0,5,0,100000
Sweden,Nigeria,2021,604,0,604,0,12080000
Sweden,North Macedonia,2021,42,0,42,0,840000
Sweden,Pakistan,2021,626,0,626,0,12520000
Sweden,Peru,2021,8,0,8,0,160000
Sweden,Philippines,2021,6,0,6,0,120000
Sweden,Rep. of Korea,2021,7,0,7,0,140000
Sweden,Rep. of Moldova,2021,8,0,8,0,160000
Sweden,Romania,2021,41,0,41,0,820000
Sweden,Russian Federation,2021,1372,0,1372,0,27440000
Sweden,Rwanda,2021,57,0,57,0,1140000
Sweden,Saudi Arabia,2021,61,0,61,0,1220000
Sweden,Senegal,2021,58,0,58,0,1160000
Sweden,Serbia and Kosovo: S/RES/1244 (1999),2021,603,0,603,0,12060000
Sweden,Sierra Leone,2021,71,0,71,0,1420000
Sweden,Somalia,2021,11574,0,11574,0,231480000
Sweden,South Sudan,2021,63,0,63,0,1260000
Sweden,Sri Lanka,2021,27,0,27,0,540000
Sweden,State of Palestine,2021,1295,0,1295,0,25900000
Sweden,Stateless,2021,21987,0,21987,0,439740000
Sweden,Sudan,2021,1112,0,1112,0,22240000
Sweden,Syrian Arab Rep.,2021,114995,0,114995,0,2299900000
Sweden,Tajikistan,2021,64,0,64,0,1280000
Sweden,Tunisia,2021,48,0,48,0,960000
Sweden,Turkey,2021,2201,0,2201,0,44020000
Sweden,Turkmenistan,2021,16,0,16,0,320000
Sweden,Uganda,2021,765,0,765,0,15300000
Sweden,Ukraine,2021,227,0,227,0,4540000
Sweden,United Arab Emirates,2021,5,0,5,0,100000
Sweden,United Kingdom,2021,5,0,5,0,100000
Sweden,United Rep. of Tanzania,2021,64,0,64,0,1280000
Sweden,United States of America,2021,21,0,21,0,420000
Sweden,Unknown/other,2021,556,0,556,0,11120000
Sweden,Uzbekistan,2021,518,0,518,0,10360000
Sweden,Venezuela (Bolivarian Republic of),2021,33,0,33,0,660000
Sweden,Viet Nam,2021,26,0,26,0,520000
Sweden,Yemen,2021,1782,0,1782,0,35640000
Sweden,Zambia,2021,13,0,13,0,260000
Sweden,Zimbabwe,2021,17,0,17,0,340000
Belarus,Afghanistan,2021,207,53,207,53,4140000
Switzerland,Albania,2021,113,0,113,0,2260000
Switzerland,Algeria,2021,173,0,173,0,3460000
Switzerland,Angola,2021,728,0,728,0,14560000
Switzerland,Armenia,2021,161,0,161,0,3220000
Switzerland,Azerbaijan,2021,202,0,202,0,4040000
Switzerland,Bangladesh,2021,42,0,42,0,840000
Switzerland,Belarus,2021,52,0,52,0,1040000
Switzerland,Benin,2021,23,0,23,0,460000
Switzerland,Bosnia and Herzegovina,2021,1525,0,1525,0,30500000
Switzerland,Brazil,2021,13,0,13,0,260000
Switzerland,Bulgaria,2021,5,0,5,0,100000
Switzerland,Burkina Faso,2021,17,0,17,0,340000
Switzerland,Burundi,2021,187,0,187,0,3740000
Switzerland,Cambodia,2021,279,0,279,0,5580000
Switzerland,Cameroon,2021,209,0,209,0,4180000
Switzerland,Central African Rep.,2021,20,0,20,0,400000
Switzerland,Chad,2021,35,0,35,0,700000
Switzerland,Chile,2021,9,0,9,0,180000
Switzerland,China,2021,2517,0,2517,0,50340000
Switzerland,Colombia,2021,282,0,282,0,5640000
Switzerland,"Congo, Republic of",2021,50,0,50,0,1000000
Switzerland,Côte d'Ivoire,2021,204,0,204,0,4080000
Switzerland,Croatia,2021,17,0,17,0,340000
Switzerland,Cuba,2021,40,0,40,0,800000
Switzerland,Czechia,2021,5,0,5,0,100000
Switzerland,Dem. Rep. of the Congo,2021,1241,0,1241,0,24820000
Switzerland,Djibouti,2021,17,0,17,0,340000
Switzerland,Ecuador,2021,5,0,5,0,100000
Switzerland,Egypt,2021,129,0,129,0,2580000
Switzerland,El Salvador,2021,8,0,8,0,160000
Switzerland,Equatorial Guinea,2021,5,0,5,0,100000
Switzerland,Eritrea,2021,38219,0,38219,0,764380000
Switzerland,Ethiopia,2021,1767,0,1767,0,35340000
Switzerland,France,2021,8,0,8,0,160000
Switzerland,Gabon,2021,5,0,5,0,100000
Switzerland,Gambia,2021,52,0,52,0,1040000
Switzerland,Georgia,2021,227,0,227,0,4540000
Switzerland,Ghana,2021,23,0,23,0,460000
Switzerland,Guatemala,2021,7,0,7,0,140000
Switzerland,Guinea,2021,180,0,180,0,3600000
Switzerland,Guinea-Bissau,2021,47,0,47,0,940000
Switzerland,Honduras,2021,5,0,5,0,100000
Switzerland,Hungary,2021,5,0,5,0,100000
Switzerland,India,2021,35,0,35,0,700000
Switzerland,Iran (Islamic Rep. of),2021,2184,0,2184,0,43680000
Switzerland,Iraq,2021,4545,0,4545,0,90900000
Switzerland,Israel,2021,6,0,6,0,120000
Switzerland,Italy,2021,5,0,5,0,100000
Switzerland,Jamaica,2021,7,0,7,0,140000
Switzerland,Jordan,2021,56,0,56,0,1120000
Switzerland,Kazakhstan,2021,29,0,29,0,580000
Switzerland,Kenya,2021,42,0,42,0,840000
Switzerland,Kyrgyzstan,2021,16,0,16,0,320000
Switzerland,Lao People's Dem. Rep.,2021,110,0,110,0,2200000
Switzerland,Lebanon,2021,45,0,45,0,900000
Switzerland,Liberia,2021,31,0,31,0,620000
Switzerland,Libya,2021,303,0,303,0,6060000
Switzerland,Madagascar,2021,5,0,5,0,100000
Switzerland,Mali,2021,33,0,33,0,660000
Switzerland,Mauritania,2021,8,0,8,0,160000
Switzerland,Mongolia,2021,170,0,170,0,3400000
Switzerland,Montenegro,2021,52,0,52,0,1040000
Switzerland,Morocco,2021,82,0,82,0,1640000
Switzerland,Myanmar,2021,30,0,30,0,600000
Switzerland,Nepal,2021,19,0,19,0,380000
Switzerland,Nicaragua,2021,5,0,5,0,100000
Switzerland,Niger,2021,8,0,8,0,160000
Switzerland,Nigeria,2021,287,0,287,0,5740000
Switzerland,North Macedonia,2021,154,0,154,0,3080000
Switzerland,Pakistan,2021,288,0,288,0,5760000
Switzerland,Paraguay,2021,5,0,5,0,100000
Switzerland,Peru,2021,5,0,5,0,100000
Switzerland,Philippines,2021,11,0,11,0,220000
Switzerland,Portugal,2021,5,0,5,0,100000
Switzerland,Rep. of Moldova,2021,10,0,10,0,200000
Switzerland,Romania,2021,15,0,15,0,300000
Switzerland,Russian Federation,2021,745,0,745,0,14900000
Switzerland,Rwanda,2021,110,0,110,0,2200000
Switzerland,Saudi Arabia,2021,17,0,17,0,340000
Switzerland,Senegal,2021,63,0,63,0,1260000
Switzerland,Serbia and Kosovo: S/RES/1244 (1999),2021,2204,0,2204,0,44080000
Switzerland,Sierra Leone,2021,37,0,37,0,740000
Switzerland,Somalia,2021,4572,0,4572,0,91440000
Switzerland,South Africa,2021,7,0,7,0,140000
Switzerland,South Sudan,2021,20,0,20,0,400000
Switzerland,Spain,2021,5,0,5,0,100000
Switzerland,Sri Lanka,2021,6069,0,6069,0,121380000
Switzerland,Stateless,2021,645,0,645,0,12900000
Switzerland,Sudan,2021,427,0,427,0,8540000
Switzerland,Syrian Arab Rep.,2021,20043,0,20043,0,400860000
Switzerland,Tajikistan,2021,25,0,25,0,500000
Switzerland,Togo,2021,556,0,556,0,11120000
Switzerland,Tunisia,2021,185,0,185,0,3700000
Switzerland,Turkey,2021,6197,0,6197,0,123940000
Switzerland,Turkmenistan,2021,5,0,5,0,100000
Switzerland,Uganda,2021,53,0,53,0,1060000
Switzerland,Ukraine,2021,86,0,86,0,1720000
Switzerland,United Rep. of Tanzania,2021,14,0,14,0,280000
Switzerland,Unknown/other,2021,1716,0,1716,0,34320000
Switzerland,Uzbekistan,2021,60,0,60,0,1200000
Switzerland,Venezuela (Bolivarian Republic of),2021,45,0,45,0,900000
Switzerland,Viet Nam,2021,782,0,782,0,15640000
Switzerland,Western Sahara,2021,11,0,11,0,220000
Switzerland,Yemen,2021,348,0,348,0,6960000
Switzerland,Zimbabwe,2021,9,0,9,0,180000
Croatia,Afghanistan,2021,55,55,55,55,1100000
Syrian Arab Rep.,Algeria,2021,5,5,5,5,100000
Syrian Arab Rep.,Chad,2021,9,9,9,9,180000
Syrian Arab Rep.,Egypt,2021,32,32,32,32,640000
Syrian Arab Rep.,Eritrea,2021,19,19,19,19,380000
Syrian Arab Rep.,Ethiopia,2021,15,15,15,15,300000
Syrian Arab Rep.,Guinea,2021,54,54,54,54,1080000
Syrian Arab Rep.,Iran (Islamic Rep. of),2021,45,45,45,45,900000
Syrian Arab Rep.,Iraq,2021,12435,12435,12435,12435,248700000
Syrian Arab Rep.,Jordan,2021,19,19,19,19,380000
Syrian Arab Rep.,Lebanon,2021,23,23,23,23,460000
Syrian Arab Rep.,Libya,2021,11,11,11,11,220000
Syrian Arab Rep.,Pakistan,2021,223,223,223,223,4460000
Syrian Arab Rep.,Saudi Arabia,2021,6,6,6,6,120000
Syrian Arab Rep.,Sierra Leone,2021,19,19,19,19,380000
Syrian Arab Rep.,Somalia,2021,351,351,351,351,7020000
Syrian Arab Rep.,South Sudan,2021,77,77,77,77,1540000
Syrian Arab Rep.,Sudan,2021,720,720,720,720,14400000
Syrian Arab Rep.,Tunisia,2021,5,5,5,5,100000
Syrian Arab Rep.,Turkey,2021,6,6,6,6,120000
Syrian Arab Rep.,Unknown/other,2021,5,5,5,5,100000
Syrian Arab Rep.,Yemen,2021,159,159,159,159,3180000
Sri Lanka,Afghanistan,2021,122,122,122,122,2440000
Tajikistan,Iran (Islamic Rep. of),2021,5,5,5,5,100000
Thailand,Afghanistan,2021,172,172,172,172,3440000
Thailand,Cambodia,2021,288,288,288,288,5760000
Thailand,Cameroon,2021,51,51,51,51,1020000
Thailand,China,2021,181,181,181,181,3620000
Thailand,Côte d'Ivoire,2021,18,18,18,18,360000
Thailand,Dem. Rep. of the Congo,2021,20,20,20,20,400000
Thailand,Egypt,2021,21,21,21,21,420000
Thailand,Ethiopia,2021,12,12,12,12,240000
Thailand,Iran (Islamic Rep. of),2021,88,88,88,88,1760000
Thailand,Iraq,2021,168,168,168,168,3360000
Thailand,Jordan,2021,5,5,5,5,100000
Thailand,Lao People's Dem. Rep.,2021,8,8,8,8,160000
Thailand,Myanmar,2021,44895,44895,91685,91685,897900000
Thailand,Nepal,2021,5,5,5,5,100000
Thailand,Nigeria,2021,5,5,5,5,100000
Thailand,Pakistan,2021,1660,1660,1660,1660,33200000
Thailand,Somalia,2021,204,204,204,204,4080000
Thailand,Sri Lanka,2021,117,117,117,117,2340000
Thailand,State of Palestine,2021,287,287,287,287,5740000
Thailand,Sudan,2021,5,5,5,5,100000
Thailand,Syrian Arab Rep.,2021,231,231,231,231,4620000
Thailand,United Rep. of Tanzania,2021,5,5,5,5,100000
Thailand,Viet Nam,2021,892,892,892,892,17840000
Thailand,Yemen,2021,38,38,38,38,760000
Thailand,Zimbabwe,2021,9,9,9,9,180000
Togo,Benin,2021,9,9,9,9,180000
Togo,Burundi,2021,5,5,5,5,100000
Togo,Cameroon,2021,7,7,7,7,140000
Togo,Central African Rep.,2021,238,238,238,238,4760000
Togo,Chad,2021,12,12,12,12,240000
Togo,"Congo, Republic of",2021,31,31,31,31,620000
Togo,Côte d'Ivoire,2021,1598,1598,1598,1598,31960000
Togo,Dem. Rep. of the Congo,2021,112,112,112,112,2240000
Togo,Ghana,2021,8513,8513,8513,8513,170260000
Togo,Iraq,2021,5,5,5,5,100000
Togo,Lebanon,2021,11,11,11,11,220000
Togo,Mali,2021,79,79,79,79,1580000
Togo,Nigeria,2021,9,9,9,9,180000
Togo,Rwanda,2021,117,117,117,117,2340000
Togo,Syrian Arab Rep.,2021,18,18,18,18,360000
Togo,Turkey,2021,67,67,67,67,1340000
Trinidad and Tobago,Bangladesh,2021,8,0,8,0,160000
Trinidad and Tobago,Colombia,2021,12,0,12,0,240000
Trinidad and Tobago,Cuba,2021,180,0,180,0,3600000
Trinidad and Tobago,Guyana,2021,20,0,20,0,400000
Trinidad and Tobago,Jamaica,2021,41,0,41,0,820000
Trinidad and Tobago,Mexico,2021,6,0,6,0,120000
Trinidad and Tobago,Nigeria,2021,5,0,5,0,100000
Trinidad and Tobago,Pakistan,2021,9,0,9,0,180000
Trinidad and Tobago,Saint Vincent and the Grenadines,2021,7,0,7,0,140000
Trinidad and Tobago,Syrian Arab Rep.,2021,67,0,67,0,1340000
Trinidad and Tobago,Venezuela (Bolivarian Republic of),2021,3103,0,3103,0,62060000
Tunisia,Algeria,2021,10,10,10,10,200000
Tunisia,Burkina Faso,2021,5,5,5,5,100000
Tunisia,Cameroon,2021,29,29,29,29,580000
Tunisia,Central African Rep.,2021,12,12,12,12,240000
Tunisia,Côte d'Ivoire,2021,52,52,52,52,1040000
Tunisia,Eritrea,2021,123,123,123,123,2460000
Tunisia,Ethiopia,2021,5,5,5,5,100000
Tunisia,Guinea,2021,9,9,9,9,180000
Tunisia,Iran (Islamic Rep. of),2021,8,8,8,8,160000
Tunisia,Iraq,2021,20,20,20,20,400000
Tunisia,Lebanon,2021,6,6,6,6,120000
Tunisia,Libya,2021,19,19,19,19,380000
Tunisia,Mali,2021,9,9,9,9,180000
Tunisia,Rwanda,2021,6,6,6,6,120000
Tunisia,Sierra Leone,2021,5,5,5,5,100000
Tunisia,Somalia,2021,25,25,25,25,500000
Tunisia,South Sudan,2021,5,5,5,5,100000
Tunisia,State of Palestine,2021,35,35,35,35,700000
Tunisia,Sudan,2021,143,143,143,143,2860000
Tunisia,Syrian Arab Rep.,2021,2135,2135,2135,2135,42700000
Tunisia,Turkey,2021,5,5,5,5,100000
Tunisia,Yemen,2021,12,10,12,10,240000
Ukraine,Afghanistan,2021,845,205,845,205,16900000
Turkey,Iran (Islamic Rep. of),2021,1693,0,1693,0,33860000
Turkey,Iraq,2021,4565,0,4565,0,91300000
Turkey,Syrian Arab Rep.,2021,3685839,0,3685839,0,73716780000
Turkey,Unknown/other,2021,515,0,515,0,10300000
Kazakhstan,Afghanistan,2021,370,370,370,370,7400000
Turkmenistan,Azerbaijan,2021,6,0,6,0,120000
Turks and Caicos Islands,Sri Lanka,2021,8,8,8,8,160000
Uganda,Burundi,2021,49891,49891,49891,49891,997820000
Uganda,Cameroon,2021,5,5,5,5,100000
Uganda,Central African Rep.,2021,29,29,29,29,580000
Uganda,Chad,2021,7,7,7,7,140000
Uganda,"Congo, Republic of",2021,22,22,22,22,440000
Uganda,Dem. Rep. of the Congo,2021,429528,429528,429528,429528,8590560000
Uganda,Egypt,2021,8,8,8,8,160000
Uganda,Eritrea,2021,9831,9831,9831,9831,196620000
Uganda,Ethiopia,2021,2360,2360,2360,2360,47200000
Uganda,Guinea,2021,5,5,5,5,100000
Uganda,Iran (Islamic Rep. of),2021,5,5,5,5,100000
Uganda,Kenya,2021,206,206,206,206,4120000
Uganda,Pakistan,2021,235,235,235,235,4700000
Uganda,Rwanda,2021,16557,16557,16557,16557,331140000
Uganda,Senegal,2021,10,10,10,10,200000
Uganda,Somalia,2021,40076,40076,40076,40076,801520000
Uganda,South Sudan,2021,923536,923536,923536,923536,18470720000
Uganda,State of Palestine,2021,5,5,5,5,100000
Uganda,Sudan,2021,2891,2891,2891,2891,57820000
Uganda,Syrian Arab Rep.,2021,16,16,16,16,320000
Uganda,Turkey,2021,50,50,50,50,1000000
Uganda,United Rep. of Tanzania,2021,11,11,11,11,220000
Uganda,Yemen,2021,27,27,27,27,540000
Russian Federation,Afghanistan,2021,686,686,686,686,13720000
Ukraine,Angola,2021,24,0,24,0,480000
Ukraine,Armenia,2021,50,0,50,0,1000000
Ukraine,Azerbaijan,2021,70,12,70,12,1400000
Ukraine,Bangladesh,2021,5,0,5,0,100000
Ukraine,Belarus,2021,34,0,34,0,680000
Ukraine,Cameroon,2021,5,0,5,0,100000
Ukraine,Chad,2021,7,0,7,0,140000
Ukraine,"Congo, Republic of",2021,26,0,26,0,520000
Ukraine,Dem. Rep. of the Congo,2021,26,16,26,16,520000
Ukraine,Egypt,2021,5,0,5,0,100000
Ukraine,Eritrea,2021,11,0,11,0,220000
Ukraine,Ethiopia,2021,26,5,26,5,520000
Ukraine,Georgia,2021,25,5,25,5,500000
Ukraine,Guinea,2021,5,5,5,5,100000
Ukraine,India,2021,7,5,7,5,140000
Ukraine,Iran (Islamic Rep. of),2021,72,22,72,22,1440000
Ukraine,Iraq,2021,78,32,78,32,1560000
Ukraine,Jordan,2021,5,0,5,0,100000
Ukraine,Kazakhstan,2021,9,0,9,0,180000
Ukraine,Kyrgyzstan,2021,9,9,9,9,180000
Ukraine,Lebanon,2021,9,0,9,0,180000
Ukraine,Libya,2021,5,0,5,0,100000
Ukraine,Nigeria,2021,6,0,6,0,120000
Ukraine,Pakistan,2021,9,0,9,0,180000
Ukraine,Russian Federation,2021,175,50,175,50,3500000
Ukraine,Rwanda,2021,5,0,5,0,100000
Ukraine,Serbia and Kosovo: S/RES/1244 (1999),2021,5,5,5,5,100000
Ukraine,Sierra Leone,2021,5,0,5,0,100000
Ukraine,Somalia,2021,84,29,84,29,1680000
Ukraine,Sri Lanka,2021,8,5,8,5,160000
Ukraine,State of Palestine,2021,10,9,10,9,200000
Ukraine,Stateless,2021,45,0,45,0,900000
Ukraine,Sudan,2021,27,6,27,6,540000
Ukraine,Syrian Arab Rep.,2021,494,196,494,196,9880000
Ukraine,Tajikistan,2021,23,15,23,15,460000
Ukraine,Turkey,2021,5,0,5,0,100000
Ukraine,Turkmenistan,2021,7,0,7,0,140000
Ukraine,Uzbekistan,2021,39,18,39,18,780000
Ukraine,Yemen,2021,5,5,5,5,100000
Azerbaijan,Afghanistan,2021,1109,1109,1109,1109,22180000
United Arab Emirates,Chad,2021,6,6,6,6,120000
United Arab Emirates,Egypt,2021,5,5,5,5,100000
United Arab Emirates,Ethiopia,2021,8,8,8,8,160000
United Arab Emirates,Iran (Islamic Rep. of),2021,7,7,7,7,140000
United Arab Emirates,Iraq,2021,818,818,818,818,16360000
United Arab Emirates,Jordan,2021,6,6,6,6,120000
United Arab Emirates,Kuwait,2021,5,5,5,5,100000
United Arab Emirates,Lebanon,2021,16,16,16,16,320000
United Arab Emirates,Pakistan,2021,5,5,5,5,100000
United Arab Emirates,Somalia,2021,19,19,19,19,380000
United Arab Emirates,State of Palestine,2021,16,16,16,16,320000
United Arab Emirates,Sudan,2021,13,13,13,13,260000
United Arab Emirates,Syrian Arab Rep.,2021,360,360,360,360,7200000
United Arab Emirates,Yemen,2021,7,7,7,7,140000
Syrian Arab Rep.,Afghanistan,2021,1124,1124,1124,1124,22480000
United Kingdom,Albania,2021,3939,0,3939,0,78780000
United Kingdom,Algeria,2021,334,0,334,0,6680000
United Kingdom,Angola,2021,150,0,150,0,3000000
United Kingdom,Antigua and Barbuda,2021,5,0,5,0,100000
United Kingdom,Armenia,2021,61,0,61,0,1220000
United Kingdom,Australia,2021,5,0,5,0,100000
United Kingdom,Azerbaijan,2021,141,0,141,0,2820000
United Kingdom,Bahrain,2021,154,0,154,0,3080000
United Kingdom,Bangladesh,2021,1740,0,1740,0,34800000
United Kingdom,Barbados,2021,15,0,15,0,300000
United Kingdom,Belarus,2021,114,0,114,0,2280000
United Kingdom,Benin,2021,9,0,9,0,180000
United Kingdom,Bhutan,2021,36,0,36,0,720000
United Kingdom,Bolivia (Plurinational State of),2021,20,0,20,0,400000
United Kingdom,Bosnia and Herzegovina,2021,12,0,12,0,240000
United Kingdom,Botswana,2021,31,0,31,0,620000
United Kingdom,Brazil,2021,34,0,34,0,680000
United Kingdom,Burkina Faso,2021,12,0,12,0,240000
United Kingdom,Burundi,2021,54,0,54,0,1080000
United Kingdom,Cabo Verde,2021,5,0,5,0,100000
United Kingdom,Cameroon,2021,751,0,751,0,15020000
United Kingdom,Canada,2021,11,0,11,0,220000
United Kingdom,Central African Rep.,2021,10,0,10,0,200000
United Kingdom,Chad,2021,86,0,86,0,1720000
United Kingdom,China,2021,1213,0,1213,0,24260000
United Kingdom,"China, Hong Kong SAR",2021,5,0,5,0,100000
United Kingdom,Colombia,2021,20,0,20,0,400000
United Kingdom,Comoros,2021,5,0,5,0,100000
United Kingdom,"Congo, Republic of",2021,95,0,95,0,1900000
United Kingdom,Côte d'Ivoire,2021,213,0,213,0,4260000
United Kingdom,Cuba,2021,11,0,11,0,220000
United Kingdom,Dem. People's Rep. of Korea,2021,62,0,62,0,1240000
United Kingdom,Dem. Rep. of the Congo,2021,973,0,973,0,19460000
United Kingdom,Djibouti,2021,5,0,5,0,100000
United Kingdom,Dominica,2021,23,0,23,0,460000
United Kingdom,Ecuador,2021,5,0,5,0,100000
United Kingdom,Egypt,2021,979,0,979,0,19580000
United Kingdom,El Salvador,2021,698,0,698,0,13960000
United Kingdom,Eritrea,2021,14503,0,14503,0,290060000
United Kingdom,Eswatini,2021,55,0,55,0,1100000
United Kingdom,Ethiopia,2021,1879,0,1879,0,37580000
United Kingdom,Fiji,2021,8,0,8,0,160000
United Kingdom,Gabon,2021,5,0,5,0,100000
United Kingdom,Gambia,2021,1009,0,1009,0,20180000
United Kingdom,Georgia,2021,77,0,77,0,1540000
United Kingdom,Ghana,2021,370,0,370,0,7400000
United Kingdom,Greece,2021,5,0,5,0,100000
United Kingdom,Grenada,2021,26,0,26,0,520000
United Kingdom,Guatemala,2021,9,0,9,0,180000
United Kingdom,Guinea,2021,220,0,220,0,4400000
United Kingdom,Guinea-Bissau,2021,7,0,7,0,140000
United Kingdom,Guyana,2021,20,0,20,0,400000
United Kingdom,Honduras,2021,99,0,99,0,1980000
United Kingdom,India,2021,516,0,516,0,10320000
United Kingdom,Indonesia,2021,38,0,38,0,760000
United Kingdom,Iran (Islamic Rep. of),2021,21011,0,21011,0,420220000
United Kingdom,Iraq,2021,6933,0,6933,0,138660000
United Kingdom,Israel,2021,5,0,5,0,100000
United Kingdom,Jamaica,2021,306,0,306,0,6120000
United Kingdom,Jordan,2021,101,0,101,0,2020000
United Kingdom,Kazakhstan,2021,34,0,34,0,680000
United Kingdom,Kenya,2021,315,0,315,0,6300000
United Kingdom,Kuwait,2021,695,0,695,0,13900000
United Kingdom,Kyrgyzstan,2021,38,0,38,0,760000
United Kingdom,Lao People's Dem. Rep.,2021,5,0,5,0,100000
United Kingdom,Lebanon,2021,191,0,191,0,3820000
United Kingdom,Liberia,2021,29,0,29,0,580000
United Kingdom,Libya,2021,4515,0,4515,0,90300000
United Kingdom,Malawi,2021,323,0,323,0,6460000
United Kingdom,Malaysia,2021,309,0,309,0,6180000
United Kingdom,Maldives,2021,45,0,45,0,900000
United Kingdom,Mali,2021,26,0,26,0,520000
United Kingdom,Mauritania,2021,6,0,6,0,120000
United Kingdom,Mauritius,2021,67,0,67,0,1340000
United Kingdom,Mexico,2021,14,0,14,0,280000
United Kingdom,Mongolia,2021,64,0,64,0,1280000
United Kingdom,Morocco,2021,225,0,225,0,4500000
United Kingdom,Mozambique,2021,7,0,7,0,140000
United Kingdom,Myanmar,2021,436,0,436,0,8720000
United Kingdom,Namibia,2021,171,0,171,0,3420000
United Kingdom,Nepal,2021,54,0,54,0,1080000
United Kingdom,Netherlands,2021,5,0,5,0,100000
United Kingdom,Nicaragua,2021,46,0,46,0,920000
United Kingdom,Niger,2021,190,0,190,0,3800000
United Kingdom,Nigeria,2021,3134,0,3134,0,62680000
United Kingdom,North Macedonia,2021,17,0,17,0,340000
United Kingdom,Norway,2021,5,0,5,0,100000
United Kingdom,Oman,2021,20,0,20,0,400000
United Kingdom,Pakistan,2021,8357,0,8357,0,167140000
United Kingdom,Philippines,2021,51,0,51,0,1020000
United Kingdom,Qatar,2021,17,0,17,0,340000
United Kingdom,Rep. of Korea,2021,5,0,5,0,100000
United Kingdom,Rep. of Moldova,2021,7,0,7,0,140000
United Kingdom,Russian Federation,2021,844,0,844,0,16880000
United Kingdom,Rwanda,2021,111,0,111,0,2220000
United Kingdom,Saint Kitts and Nevis,2021,6,0,6,0,120000
United Kingdom,Saint Lucia,2021,26,0,26,0,520000
United Kingdom,Saint Vincent and the Grenadines,2021,39,0,39,0,780000
United Kingdom,Saudi Arabia,2021,270,0,270,0,5400000
United Kingdom,Senegal,2021,104,0,104,0,2080000
United Kingdom,Serbia and Kosovo: S/RES/1244 (1999),2021,82,0,82,0,1640000
United Kingdom,Seychelles,2021,9,0,9,0,180000
United Kingdom,Sierra Leone,2021,334,0,334,0,6680000
United Kingdom,Singapore,2021,5,0,5,0,100000
United Kingdom,Somalia,2021,2722,0,2722,0,54440000
United Kingdom,South Africa,2021,138,0,138,0,2760000
United Kingdom,South Sudan,2021,73,0,73,0,1460000
United Kingdom,Sri Lanka,2021,5200,0,5200,0,104000000
United Kingdom,State of Palestine,2021,687,0,687,0,13740000
United Kingdom,Stateless,2021,3054,0,3054,0,61080000
United Kingdom,Sudan,2021,11251,0,11251,0,225020000
United Kingdom,Syrian Arab Rep.,2021,11412,0,11412,0,228240000
United Kingdom,Tajikistan,2021,14,0,14,0,280000
United Kingdom,Thailand,2021,35,0,35,0,700000
United Kingdom,Togo,2021,15,0,15,0,300000
United Kingdom,Trinidad and Tobago,2021,97,0,97,0,1940000
United Kingdom,Tunisia,2021,68,0,68,0,1360000
United Kingdom,Turkey,2021,2427,0,2427,0,48540000
United Kingdom,Turkmenistan,2021,20,0,20,0,400000
United Kingdom,Uganda,2021,1216,0,1216,0,24320000
United Kingdom,Ukraine,2021,219,0,219,0,4380000
United Kingdom,United Arab Emirates,2021,23,0,23,0,460000
United Kingdom,United Rep. of Tanzania,2021,103,0,103,0,2060000
United Kingdom,United States of America,2021,65,0,65,0,1300000
United Kingdom,Unknown/other,2021,1769,0,1769,0,35380000
United Kingdom,Uzbekistan,2021,76,0,76,0,1520000
United Kingdom,Venezuela (Bolivarian Republic of),2021,64,0,64,0,1280000
United Kingdom,Viet Nam,2021,2493,0,2493,0,49860000
United Kingdom,Western Sahara,2021,12,0,12,0,240000
United Kingdom,Yemen,2021,1124,0,1124,0,22480000
United Kingdom,Zambia,2021,90,0,90,0,1800000
United Kingdom,Zimbabwe,2021,1485,0,1485,0,29700000
United Rep. of Tanzania,Burundi,2021,151274,0,151274,0,3025480000
United Rep. of Tanzania,Dem. Rep. of the Congo,2021,51092,0,51092,0,1021840000
United Rep. of Tanzania,Rwanda,2021,68,0,68,0,1360000
United Rep. of Tanzania,Somalia,2021,160,0,160,0,3200000
United Rep. of Tanzania,South Sudan,2021,6,0,6,0,120000
United Rep. of Tanzania,Syrian Arab Rep.,2021,5,0,5,0,100000
United Rep. of Tanzania,Uganda,2021,15,0,15,0,300000
United Rep. of Tanzania,United Rep. of Tanzania,2021,6,0,6,0,120000
United Rep. of Tanzania,Yemen,2021,9,0,9,0,180000
Tajikistan,Afghanistan,2021,6775,6000,6775,6000,135500000
United States of America,Afghanistan,2021,1574,0,1574,0,31480000
United States of America,Albania,2021,1254,0,1254,0,25080000
United States of America,Algeria,2021,149,0,149,0,2980000
United States of America,Angola,2021,271,0,271,0,5420000
United States of America,Antigua and Barbuda,2021,6,0,6,0,120000
United States of America,Argentina,2021,27,0,27,0,540000
United States of America,Armenia,2021,1301,0,1301,0,26020000
United States of America,Austria,2021,13,0,13,0,260000
United States of America,Azerbaijan,2021,487,0,487,0,9740000
United States of America,Bahamas,2021,181,0,181,0,3620000
United States of America,Bahrain,2021,38,0,38,0,760000
United States of America,Bangladesh,2021,2151,0,2151,0,43020000
United States of America,Belarus,2021,1503,0,1503,0,30060000
United States of America,Belgium,2021,15,0,15,0,300000
United States of America,Belize,2021,36,0,36,0,720000
United States of America,Benin,2021,78,0,78,0,1560000
United States of America,Bhutan,2021,30,0,30,0,600000
United States of America,Bolivia (Plurinational State of),2021,85,0,85,0,1700000
United States of America,Bosnia and Herzegovina,2021,88,0,88,0,1760000
United States of America,Brazil,2021,1000,0,1000,0,20000000
United States of America,Bulgaria,2021,181,0,181,0,3620000
United States of America,Burkina Faso,2021,1355,0,1355,0,27100000
United States of America,Burundi,2021,840,0,840,0,16800000
United States of America,Cambodia,2021,124,0,124,0,2480000
United States of America,Cameroon,2021,5137,0,5137,0,102740000
United States of America,Canada,2021,20,0,20,0,400000
United States of America,Cayman Islands,2021,5,0,5,0,100000
United States of America,Central African Rep.,2021,179,0,179,0,3580000
United States of America,Chad,2021,233,0,233,0,4660000
United States of America,Chile,2021,18,0,18,0,360000
United States of America,China,2021,71449,0,71449,0,1428980000
United States of America,"China, Hong Kong SAR",2021,5,0,5,0,100000
United States of America,Colombia,2021,2582,0,2582,0,51640000
United States of America,Comoros,2021,5,0,5,0,100000
United States of America,"Congo, Republic of",2021,1076,0,1076,0,21520000
United States of America,Costa Rica,2021,176,0,176,0,3520000
United States of America,Côte d'Ivoire,2021,1000,0,1000,0,20000000
United States of America,Croatia,2021,23,0,23,0,460000
United States of America,Cuba,2021,2621,0,2621,0,52420000
United States of America,Curaçao,2021,35,0,35,0,700000
United States of America,Czechia,2021,8,0,8,0,160000
United States of America,Dem. People's Rep. of Korea,2021,6,0,6,0,120000
United States of America,Dem. Rep. of the Congo,2021,1446,0,1446,0,28920000
United States of America,Djibouti,2021,351,0,351,0,7020000
United States of America,Dominica,2021,14,0,14,0,280000
United States of America,Dominican Rep.,2021,250,0,250,0,5000000
United States of America,Ecuador,2021,1460,0,1460,0,29200000
United States of America,Egypt,2021,14304,0,14304,0,286080000
United States of America,El Salvador,2021,28082,0,28082,0,561640000
United States of America,Equatorial Guinea,2021,17,0,17,0,340000
United States of America,Eritrea,2021,5498,0,5498,0,109960000
United States of America,Estonia,2021,251,0,251,0,5020000
United States of America,Eswatini,2021,5,0,5,0,100000
United States of America,Ethiopia,2021,7906,0,7906,0,158120000
United States of America,Fiji,2021,119,0,119,0,2380000
United States of America,France,2021,19,0,19,0,380000
United States of America,Gabon,2021,50,0,50,0,1000000
United States of America,Gambia,2021,1402,0,1402,0,28040000
United States of America,Georgia,2021,454,0,454,0,9080000
United States of America,Germany,2021,32,0,32,0,640000
United States of America,Ghana,2021,492,0,492,0,9840000
United States of America,Greece,2021,13,0,13,0,260000
United States of America,Grenada,2021,19,0,19,0,380000
United States of America,Guatemala,2021,22387,0,22387,0,447740000
United States of America,Guinea,2021,1643,0,1643,0,32860000
United States of America,Guinea-Bissau,2021,17,0,17,0,340000
United States of America,Guyana,2021,108,0,108,0,2160000
United States of America,Haiti,2021,14876,0,14876,0,297520000
United States of America,Honduras,2021,16462,0,16462,0,329240000
United States of America,Hungary,2021,11,0,11,0,220000
United States of America,India,2021,8728,0,8728,0,174560000
United States of America,Indonesia,2021,1009,0,1009,0,20180000
United States of America,Iran (Islamic Rep. of),2021,5471,0,5471,0,109420000
United States of America,Iraq,2021,5380,0,5380,0,107600000
United States of America,Israel,2021,107,0,107,0,2140000
United States of America,Italy,2021,13,0,13,0,260000
United States of America,Jamaica,2021,879,0,879,0,17580000
United States of America,Japan,2021,6,0,6,0,120000
United States of America,Jordan,2021,634,0,634,0,12680000
United States of America,Kazakhstan,2021,1059,0,1059,0,21180000
United States of America,Kenya,2021,1661,0,1661,0,33220000
United States of America,Kuwait,2021,140,0,140,0,2800000
United States of America,Kyrgyzstan,2021,1582,0,1582,0,31640000
United States of America,Lao People's Dem. Rep.,2021,63,0,63,0,1260000
United States of America,Latvia,2021,18,0,18,0,360000
United States of America,Lebanon,2021,371,0,371,0,7420000
United States of America,Lesotho,2021,6,0,6,0,120000
United States of America,Liberia,2021,1215,0,1215,0,24300000
United States of America,Libya,2021,396,0,396,0,7920000
United States of America,Lithuania,2021,18,0,18,0,360000
United States of America,Madagascar,2021,7,0,7,0,140000
United States of America,Malawi,2021,34,0,34,0,680000
United States of America,Malaysia,2021,91,0,91,0,1820000
United States of America,Maldives,2021,5,0,5,0,100000
United States of America,Mali,2021,950,0,950,0,19000000
United States of America,Marshall Islands,2021,7,0,7,0,140000
United States of America,Mauritania,2021,927,0,927,0,18540000
United States of America,Mauritius,2021,33,0,33,0,660000
United States of America,Mexico,2021,12310,0,12310,0,246200000
United States of America,Mongolia,2021,681,0,681,0,13620000
United States of America,Montenegro,2021,96,0,96,0,1920000
United States of America,Morocco,2021,124,0,124,0,2480000
United States of America,Mozambique,2021,24,0,24,0,480000
United States of America,Myanmar,2021,1235,0,1235,0,24700000
United States of America,Namibia,2021,30,0,30,0,600000
United States of America,Nepal,2021,6418,0,6418,0,128360000
United States of America,Netherlands,2021,7,0,7,0,140000
United States of America,Nicaragua,2021,1871,0,1871,0,37420000
United States of America,Niger,2021,141,0,141,0,2820000
United States of America,Nigeria,2021,2737,0,2737,0,54740000
United States of America,Niue,2021,14,0,14,0,280000
United States of America,North Macedonia,2021,104,0,104,0,2080000
United States of America,Oman,2021,18,0,18,0,360000
United States of America,Pakistan,2021,3813,0,3813,0,76260000
United States of America,Panama,2021,10,0,10,0,200000
United States of America,Paraguay,2021,13,0,13,0,260000
United States of America,Peru,2021,488,0,488,0,9760000
United States of America,Philippines,2021,165,0,165,0,3300000
United States of America,Poland,2021,8,0,8,0,160000
United States of America,Portugal,2021,5,0,5,0,100000
United States of America,Qatar,2021,21,0,21,0,420000
United States of America,Rep. of Korea,2021,24,0,24,0,480000
United States of America,Rep. of Moldova,2021,1410,0,1410,0,28200000
United States of America,Romania,2021,446,0,446,0,8920000
United States of America,Russian Federation,2021,6576,0,6576,0,131520000
United States of America,Rwanda,2021,1204,0,1204,0,24080000
United States of America,Saint Kitts and Nevis,2021,5,0,5,0,100000
United States of America,Saint Lucia,2021,5,0,5,0,100000
United States of America,Saint Vincent and the Grenadines,2021,30,0,30,0,600000
United States of America,Saudi Arabia,2021,606,0,606,0,12120000
United States of America,Senegal,2021,382,0,382,0,7640000
United States of America,Serbia and Kosovo: S/RES/1244 (1999),2021,713,0,713,0,14260000
United States of America,Sierra Leone,2021,409,0,409,0,8180000
United States of America,Singapore,2021,7,0,7,0,140000
United States of America,Slovakia,2021,5,0,5,0,100000
United States of America,Slovenia,2021,5,0,5,0,100000
United States of America,Somalia,2021,1606,0,1606,0,32120000
United States of America,South Africa,2021,55,0,55,0,1100000
United States of America,South Sudan,2021,48,0,48,0,960000
United States of America,Spain,2021,8,0,8,0,160000
United States of America,Sri Lanka,2021,1048,0,1048,0,20960000
United States of America,State of Palestine,2021,20,0,20,0,400000
United States of America,Stateless,2021,47,0,47,0,940000
United States of America,Sudan,2021,1380,0,1380,0,27600000
United States of America,Suriname,2021,11,0,11,0,220000
United States of America,Switzerland,2021,5,0,5,0,100000
United States of America,Syrian Arab Rep.,2021,8709,0,8709,0,174180000
United States of America,Tajikistan,2021,300,0,300,0,6000000
United States of America,Thailand,2021,33,0,33,0,660000
United States of America,Togo,2021,524,0,524,0,10480000
United States of America,Trinidad and Tobago,2021,42,0,42,0,840000
United States of America,Tunisia,2021,93,0,93,0,1860000
United States of America,Turkey,2021,3522,0,3522,0,70440000
United States of America,Turkmenistan,2021,212,0,212,0,4240000
United States of America,Turks and Caicos Islands,2021,14,0,14,0,280000
United States of America,Uganda,2021,1779,0,1779,0,35580000
United States of America,Ukraine,2021,2565,0,2565,0,51300000
United States of America,United Arab Emirates,2021,71,0,71,0,1420000
United States of America,United Kingdom,2021,28,0,28,0,560000
United States of America,United Rep. of Tanzania,2021,116,0,116,0,2320000
United States of America,Unknown/other,2021,6369,0,6369,0,127380000
United States of America,Uruguay,2021,5,0,5,0,100000
United States of America,Uzbekistan,2021,1231,0,1231,0,24620000
United States of America,Venezuela (Bolivarian Republic of),2021, ,0,18142,0,#VALUE!
United States of America,Viet Nam,2021,400,0,400,0,8000000
United States of America,Yemen,2021,693,0,693,0,13860000
United States of America,Zambia,2021,42,0,42,0,840000
United States of America,Zimbabwe,2021,729,0,729,0,14580000
India,Afghanistan,2021,8537,8537,8537,8537,170740000
Uruguay,Angola,2021,14,5,14,5,280000
Uruguay,Bolivia (Plurinational State of),2021,5,0,5,0,100000
Uruguay,Cameroon,2021,12,5,12,5,240000
Uruguay,Colombia,2021,162,22,162,22,3240000
Uruguay,"Congo, Republic of",2021,5,0,5,0,100000
Uruguay,Cuba,2021,26,0,26,0,520000
Uruguay,Ecuador,2021,7,0,7,0,140000
Uruguay,El Salvador,2021,48,45,48,45,960000
Uruguay,Guatemala,2021,5,0,5,0,100000
Uruguay,Latvia,2021,5,0,5,0,100000
Uruguay,Libya,2021,5,0,5,0,100000
Uruguay,Mexico,2021,5,0,5,0,100000
Uruguay,Nicaragua,2021,9,0,9,0,180000
Uruguay,Nigeria,2021,22,0,22,0,440000
Uruguay,Paraguay,2021,5,0,5,0,100000
Uruguay,Peru,2021,6,0,6,0,120000
Uruguay,Russian Federation,2021,13,0,13,0,260000
Uruguay,Somalia,2021,5,0,5,0,100000
Uruguay,Stateless,2021,5,5,5,5,100000
Uruguay,Syrian Arab Rep.,2021,63,0,63,0,1260000
Uruguay,Turkey,2021,13,5,13,5,260000
Uruguay,Ukraine,2021,11,0,11,0,220000
Uruguay,Venezuela (Bolivarian Republic of),2021,291,81,291,81,5820000
Iran (Islamic Rep. of),Afghanistan,2021,780000,780000,780000,780000,15600000000
Pakistan,Afghanistan,2021,1438020,1438020,1438020,1438020,28760400000
Venezuela (Bolivarian Republic of),Chile,2021,10,0,10,0,200000
Venezuela (Bolivarian Republic of),Colombia,2021,9171,45,67980,45,183420000
Venezuela (Bolivarian Republic of),"Congo, Republic of",2021,5,0,5,0,100000
Venezuela (Bolivarian Republic of),Haiti,2021,12,5,12,5,240000
Venezuela (Bolivarian Republic of),Iraq,2021,18,0,18,0,360000
Venezuela (Bolivarian Republic of),Lebanon,2021,12,0,12,0,240000
Venezuela (Bolivarian Republic of),Liberia,2021,9,0,9,0,180000
Venezuela (Bolivarian Republic of),Libya,2021,5,0,5,0,100000
Venezuela (Bolivarian Republic of),Nigeria,2021,7,0,7,0,140000
Venezuela (Bolivarian Republic of),Peru,2021,5,0,5,0,100000
Venezuela (Bolivarian Republic of),Rwanda,2021,5,0,5,0,100000
Venezuela (Bolivarian Republic of),Sierra Leone,2021,5,0,5,0,100000
Venezuela (Bolivarian Republic of),State of Palestine,2021,7,0,7,0,140000
Venezuela (Bolivarian Republic of),Syrian Arab Rep.,2021,32,0,32,0,640000
Venezuela (Bolivarian Republic of),Turkey,2021,6,0,6,0,120000
Venezuela (Bolivarian Republic of),Western Sahara,2021,11,0,11,0,220000
Yemen,Djibouti,2021,5,5,5,5,100000
Yemen,Egypt,2021,16,16,16,16,320000
Yemen,Eritrea,2021,1345,1345,1345,1345,26900000
Yemen,Ethiopia,2021,6677,6677,6677,6677,133540000
Yemen,Iran (Islamic Rep. of),2021,5,5,5,5,100000
Yemen,Iraq,2021,3321,3321,3321,3321,66420000
Yemen,Jordan,2021,17,17,17,17,340000
Yemen,Somalia,2021,113240,113240,113240,113240,2264800000
Yemen,State of Palestine,2021,626,626,626,626,12520000
Yemen,Sudan,2021,111,111,111,111,2220000
Yemen,Syrian Arab Rep.,2021,3623,3623,3623,3623,72460000
Yemen,Viet Nam,2021,15,15,15,15,300000
Zambia,Burundi,2021,7394,6994,7394,6994,147880000
Zambia,Cameroon,2021,11,11,11,11,220000
Zambia,"Congo, Republic of",2021,16,16,16,16,320000
Zambia,Dem. Rep. of the Congo,2021,58700,54271,58700,54271,1174000000
Zambia,Eritrea,2021,62,62,62,62,1240000
Zambia,Ethiopia,2021,35,35,35,35,700000
Zambia,Liberia,2021,8,8,8,8,160000
Zambia,Rwanda,2021,797,797,797,797,15940000
Zambia,Sierra Leone,2021,5,5,5,5,100000
Zambia,Somalia,2021,3423,2723,3423,2723,68460000
Zambia,South Africa,2021,6,6,6,6,120000
Zambia,South Sudan,2021,5,5,5,5,100000
Zambia,State of Palestine,2021,14,14,14,14,280000
Zambia,Sudan,2021,29,29,29,29,580000
Zambia,Syrian Arab Rep.,2021,30,30,30,30,600000
Zambia,Turkey,2021,65,65,65,65,1300000
Zambia,Uganda,2021,166,166,166,166,3320000
Zambia,Unknown/other,2021,71,0,71,0,1420000
Zimbabwe,Burundi,2021,676,676,676,676,13520000
Zimbabwe,"Congo, Republic of",2021,20,20,20,20,400000
Zimbabwe,Côte d'Ivoire,2021,12,12,12,12,240000
Zimbabwe,Dem. Rep. of the Congo,2021,7957,7957,7957,7957,159140000
Zimbabwe,Eritrea,2021,20,20,20,20,400000
Zimbabwe,Ethiopia,2021,71,71,71,71,1420000
Zimbabwe,Mali,2021,6,6,6,6,120000
Zimbabwe,Rwanda,2021,665,665,665,665,13300000
Zimbabwe,Somalia,2021,13,13,13,13,260000
Zimbabwe,South Sudan,2021,8,8,8,8,160000
Zimbabwe,Sudan,2021,8,8,8,8,160000
Zimbabwe,Uganda,2021,11,11,11,11,220000